true_label,pred_prob,pred_label
0,4.401502395158099e-10,0
0,2.5108818623529722e-11,0
0,0.573566652564091,1
0,0.45822403926541777,0
1,0.014878921845580631,0
0,3.4260804042649037e-10,0
0,0.006057750429182196,0
0,1.2061944222614637e-10,0
0,1.7686470508557103e-05,0
0,8.626751671992774e-05,0
1,0.00033934191946349845,0
0,5.834807879545164e-11,0
0,2.2779770685437834e-05,0
0,2.4295545865525537e-06,0
0,4.764079828015208e-05,0
0,2.4543241247820097e-11,0
0,1.606081565784748e-12,0
1,0.0002682538017482845,0
0,4.481020984103365e-13,0
0,0.03940834989162893,0
0,2.1198148994657284e-08,0
0,5.823290862522474e-10,0
1,9.354246872509705e-07,0
0,3.8217066411716713e-13,0
0,0.000688183038077799,0
0,1.6610402730964326e-05,0
1,9.366638401621414e-06,0
1,0.08512625086549783,0
0,1.8981088165822577e-11,0
0,5.9116166650408304e-05,0
1,1.7054166013462586e-05,0
0,1.6158886354047779e-07,0
1,0.00032014709247803815,0
0,3.580993987720755e-09,0
1,3.739023107116896e-09,0
1,0.002492767815474825,0
0,5.351717783596373e-12,0
0,0.006098935506223088,0
1,1.1435830257506342e-07,0
0,0.1036648068781676,0
0,2.2758719272506988e-07,0
0,3.197383945011648e-06,0
1,3.475898035102707e-10,0
0,0.00018367286428939826,0
0,1.099652244543996e-06,0
0,0.02384512160868831,0
1,5.608448069373908e-10,0
0,1.911695384418727e-11,0
0,0.03390361339670367,0
0,9.888688758044451e-05,0
0,0.004419224443826221,0
0,0.07466727129926513,0
0,2.1197478956212456e-05,0
0,0.0003032579234432009,0
0,0.017848896738637782,0
0,6.1309031784482535e-15,0
0,3.1666929314106717e-12,0
0,0.001928724700849793,0
0,0.0143621508697984,0
0,6.36168301090678e-05,0
1,2.0405847744235207e-09,0
1,0.13333843251298216,0
1,2.726002280904773e-07,0
0,0.9653362464707761,1
0,0.013121586458541043,0
1,0.003324890067017463,0
0,7.524596645759412e-06,0
0,0.7937758997436598,1
0,0.006522597527820711,0
1,2.0851284160993616e-12,0
0,1.2535638592833353e-05,0
0,7.17110350104027e-05,0
1,1.782287954465731e-09,0
0,2.0185913071277973e-06,0
0,5.418212516473374e-09,0
1,1.4441853929139765e-06,0
0,7.594868889680888e-11,0
0,0.0011749424284572504,0
0,1.5836543015037944e-13,0
0,1.4771162032043263e-05,0
0,2.2721328600966672e-11,0
0,1.494569206421228e-05,0
0,0.000259948802407471,0
0,0.001323224295480406,0
0,8.291787432572784e-06,0
0,2.6966625376002068e-05,0
1,2.2335181592841963e-06,0
0,1.2858952291441667e-06,0
0,5.139832398199672e-06,0
0,0.4490504535539932,0
0,0.0064434906941752915,0
0,0.009041083088141283,0
1,0.0005378184540846083,0
1,3.4199779474873912e-06,0
0,0.00044738495103181135,0
0,0.00019545180391514308,0
1,0.19671957890993697,0
0,0.06013365703789578,0
0,0.00020034881309624538,0
0,0.009675345686528029,0
1,2.7125695307273316e-10,0
0,0.06982542521204564,0
0,1.947798780647728e-09,0
1,6.905812504806138e-09,0
0,0.983226418777297,1
0,0.46993080590892583,0
1,6.3129706177625465e-06,0
1,1.5182874256659976e-06,0
1,8.034633221450875e-07,0
1,1.2695844760532696e-05,0
1,0.011748443178347525,0
1,0.00019851730618418982,0
1,1.9095131314138295e-10,0
0,2.0886018788290376e-16,0
0,4.941607559576131e-05,0
0,3.158210562637913e-07,0
0,0.00032753553203419545,0
0,2.7082702790662382e-05,0
1,2.2320577174253383e-12,0
0,0.0035528462057909833,0
0,0.4915065090855182,0
0,6.868019767526379e-07,0
1,3.4907051556185085e-05,0
1,1.334844907709017e-13,0
0,0.03363496915847991,0
0,0.33408596876820335,0
1,1.153014753147151e-06,0
0,0.0007744135765597616,0
0,2.492715969955119e-07,0
1,2.0211721708629797e-09,0
0,0.004834352374583849,0
1,1.9130691900593214e-05,0
0,0.24224047837254012,0
1,5.987269693200637e-06,0
0,1.7017589446997887e-06,0
0,1.4174985866775569e-05,0
0,0.278584505673158,0
0,9.81140259819493e-06,0
1,6.016130783560992e-06,0
1,1.242788991399977e-07,0
0,0.0015747999558815935,0
0,6.8340711822596715e-12,0
0,9.080446163453911e-11,0
0,0.0006502310399864454,0
0,0.00039408414158491345,0
0,1.0607724329461691e-12,0
1,9.906718841741723e-05,0
0,0.0005117212843601087,0
1,1.6866043737699027e-08,0
1,1.1064380973296488e-05,0
0,1.0808510518823617e-11,0
0,0.5861582882492631,1
1,9.304213524124015e-08,0
0,0.0025749022592301877,0
1,5.752392174729208e-07,0
0,4.4146514921161395e-14,0
1,8.714292368971401e-09,0
0,0.001397596614740797,0
0,4.8472561017870947e-11,0
0,8.107294518989727e-08,0
0,3.375986830962539e-07,0
0,2.8391566129302535e-05,0
0,2.9212779823880957e-13,0
0,0.010741449686469302,0
0,1.8442240981804981e-10,0
1,2.0993371019267804e-06,0
0,1.0568286540363328e-06,0
0,1.80868292366733e-17,0
0,0.0002588692679820999,0
0,7.533907196547051e-08,0
0,0.0002629232500733641,0
0,0.16046680057331345,0
1,1.6308512219099378e-11,0
0,5.24720905078851e-06,0
0,0.0015006061200616284,0
1,0.0013326599087393244,0
0,0.0836809142731328,0
0,0.006920994216369036,0
0,3.4473816662921084e-14,0
0,4.367935162882102e-07,0
0,2.7916713771458234e-05,0
1,6.4032629051160755e-06,0
1,1.1411543954777088e-11,0
1,1.892654899298785e-12,0
0,1.7343721639212457e-07,0
0,9.064127757090862e-05,0
0,0.022210205618715978,0
0,9.558688197792098e-08,0
0,3.5012160657240046e-06,0
0,0.008540681604722208,0
1,1.0822351660153317e-07,0
1,0.0018280518251994398,0
0,0.1950568708487689,0
0,8.359306828966478e-10,0
0,0.0002426716159138606,0
0,0.05431643936511171,0
0,0.09443829161604743,0
0,9.606514748616091e-15,0
0,0.0010778667590710866,0
1,0.0004554478707884993,0
0,1.0052027407081821e-08,0
1,0.02479725581008906,0
0,9.808466818087695e-06,0
0,0.00011014432155483234,0
0,0.04670133517183044,0
0,7.306916772154618e-10,0
0,0.0013355037411106442,0
1,4.515768164382558e-09,0
0,1.2810089524467707e-08,0
0,0.0011899769588205667,0
1,0.002759688296949469,0
1,4.119646216643449e-12,0
0,4.2430530466846054e-08,0
0,7.103596093114949e-06,0
0,4.263620306685837e-05,0
0,1.774115248372971e-12,0
0,1.741734863738617e-05,0
1,7.04436099460045e-07,0
0,1.8199713091754743e-08,0
0,0.0004082848519143487,0
0,0.00018571547142818046,0
0,0.65911513313231,1
0,0.0006231117503997158,0
1,5.565242430135201e-10,0
1,0.001904076659517114,0
0,0.0002615204258005247,0
0,0.0018401766177054322,0
0,8.637931291478666e-08,0
0,4.437511247045536e-12,0
0,9.087411927998075e-09,0
1,1.987754420960901e-10,0
0,0.031342740536954045,0
1,3.805138333532016e-07,0
1,1.8906624324121958e-13,0
0,0.001142108209928398,0
0,0.01606226653114814,0
0,0.0007126455156667887,0
0,6.298128070294029e-10,0
0,3.9153069473179966e-08,0
1,1.1123973112502381e-06,0
0,0.05794501327954327,0
0,0.049462026377302896,0
1,1.2658536343257336e-11,0
0,2.6634410602432173e-08,0
0,9.695854149650391e-13,0
0,3.6897538208578784e-11,0
1,9.887860076006269e-11,0
0,1.9466671289566997e-07,0
0,3.857796056736474e-08,0
1,5.129851980796055e-10,0
0,0.4084168969676451,0
0,0.00013581065988743318,0
1,0.028920654767915152,0
0,7.774090405285939e-13,0
0,0.4694254571126686,0
1,2.728155798505328e-06,0
0,1.593539952624908e-07,0
0,0.001104650272023423,0
0,4.3082707466090954e-13,0
0,0.924740158581525,1
0,0.00013966897209291223,0
0,0.000661088653330124,0
0,0.0015476498233315255,0
0,0.936577158468672,1
0,2.887368497344785e-06,0
0,3.791508599114167e-06,0
0,0.005135924705981007,0
0,1.9803828672197292e-07,0
0,1.624598896084725e-11,0
0,1.3459614612227793e-05,0
1,2.061824573761082e-05,0
0,1.0437261348901804e-11,0
0,7.231873549731991e-10,0
1,2.348517148826853e-06,0
1,3.811991368585821e-06,0
0,3.43472795359575e-10,0
0,1.76609666999412e-05,0
0,0.08795472888405118,0
0,8.777023209770069e-09,0
0,0.0003461852145115141,0
0,1.464243560704497e-08,0
1,3.0439493439305213e-06,0
1,4.874005686521359e-05,0
0,8.185510132761531e-09,0
0,7.234601322467765e-11,0
0,4.851018141093092e-06,0
0,0.0010048360919045337,0
0,0.00485638349919759,0
0,8.05307939440584e-12,0
1,6.7499965108040545e-06,0
0,1.3379636202643685e-11,0
1,5.530496531971309e-06,0
0,6.545179071545883e-07,0
0,9.211812754995523e-06,0
0,0.7080469890804886,1
0,2.1401205230056976e-05,0
0,1.2257350022131218e-08,0
0,0.00021980338931760525,0
0,1.4734332613494742e-13,0
0,8.317514256009515e-09,0
0,0.0031004540625993505,0
1,7.444215639619347e-05,0
0,8.775205362329178e-10,0
0,0.0013698060563095394,0
1,1.124696762256154e-05,0
1,0.000134797039636383,0
0,0.01971203928592414,0
0,0.09121064794781278,0
0,1.2200190102896091e-06,0
0,9.013810007555468e-08,0
0,2.633102047736677e-08,0
0,0.10437036504878353,0
0,3.487221886269115e-05,0
1,1.3051774404886606e-05,0
0,0.023840260129588467,0
0,8.50604318804004e-08,0
0,0.23920280808296135,0
0,2.5376888896717894e-14,0
0,1.30554751384063e-07,0
0,2.827781097307441e-05,0
0,2.7361393921536055e-08,0
0,1.917070935686392e-09,0
1,1.767490301241699e-05,0
1,0.006425184858372326,0
0,2.477500781275891e-09,0
0,7.515476772954238e-07,0
0,5.4251055606031105e-05,0
0,1.1246686715705278e-05,0
0,0.9266269572561064,1
0,1.9089001713321928e-08,0
1,6.86459585979094e-05,0
0,1.630171027279553e-08,0
0,0.03146872105896095,0
1,0.0016333632133222634,0
0,1.0540030278243413e-07,0
0,1.1217731206810254e-05,0
0,1.499077656670347e-07,0
1,4.913559589987124e-12,0
0,0.011276196409190375,0
0,7.865422274858021e-05,0
0,0.15317908743414385,0
0,1.9985467031231897e-05,0
0,0.15340714938915814,0
0,0.027667227113497728,0
0,3.370984319990503e-07,0
0,0.00968846823957857,0
0,1.7015449298900647e-08,0
0,3.330448941022555e-05,0
1,5.0828683780438855e-05,0
0,0.03902963782117625,0
1,1.588703571291173e-05,0
0,0.0007636241209599022,0
0,5.035262365667394e-12,0
0,1.0966904374171133e-06,0
0,5.668638379576206e-14,0
1,0.07236676296068496,0
0,5.460820332156444e-11,0
0,0.00010861750446143423,0
1,0.0021639095521631194,0
0,1.703590296267939e-07,0
0,0.10440911342325207,0
1,2.0969327116381754e-05,0
0,5.083661823216578e-11,0
0,0.00028152527587667055,0
0,6.607412746890302e-16,0
0,0.003854964796460217,0
1,0.008899437101770708,0
0,2.9673240925327925e-10,0
1,5.085823563302044e-10,0
1,1.30478513927679e-09,0
1,1.126796520477957e-08,0
1,4.8341545372181406e-09,0
0,0.00032267288617517646,0
0,0.1289422525931332,0
1,9.181518866626298e-05,0
0,2.4138945686460834e-06,0
0,1.3428432413970226e-11,0
0,2.732894041647811e-13,0
0,3.3295662936894445e-05,0
0,3.369223750107996e-05,0
1,0.0017749397232906825,0
0,1.6519392344486753e-07,0
1,3.14370868758838e-06,0
1,1.000373032027012e-13,0
0,6.205071170542921e-06,0
0,5.163614246375601e-06,0
1,7.94319490457002e-06,0
1,2.2086535352044086e-07,0
0,3.139745634982043e-16,0
1,3.375801154592544e-05,0
0,0.0017644202001461872,0
0,0.01119089826485557,0
0,1.5653190148165108e-05,0
0,0.0002628797153966041,0
0,4.54417167982792e-08,0
0,0.010531208594085654,0
1,1.6273201316662326e-06,0
0,0.007216993122409014,0
0,8.708380534703414e-07,0
0,0.02554827838751374,0
1,0.00012959075441110649,0
0,1.5257241127886135e-10,0
1,9.630194259747421e-08,0
0,0.010437348158820397,0
1,1.6021297952866644e-07,0
0,0.00010965795041892437,0
0,6.139697715768651e-09,0
0,1.6900135116705845e-06,0
1,2.1384516769089108e-08,0
0,1.289638406524234e-07,0
0,0.00017992538897063727,0
0,0.0009371645629862792,0
1,0.08177005876419635,0
1,3.403173278376402e-11,0
0,4.470910324021921e-05,0
0,0.0019928963629930216,0
0,3.3565504056050566e-09,0
0,1.6742805105047504e-06,0
1,6.70613273279462e-07,0
0,6.836070400013915e-07,0
1,1.5085246693774312e-05,0
0,0.0016926968999707661,0
0,2.4808730038352097e-09,0
0,0.008019766942544778,0
0,1.1773801083293008e-08,0
1,1.5734737633155564e-08,0
0,9.150740769153396e-05,0
0,5.276101510704287e-07,0
1,5.140790041481023e-07,0
0,1.4829064214863304e-15,0
0,0.37933546049438377,0
0,8.188516020690657e-13,0
0,0.2975844831883916,0
0,4.847122876246395e-07,0
0,2.9201096683790425e-07,0
0,0.21944630318320837,0
1,6.175040449073299e-05,0
1,0.007456389055389916,0
0,0.029270072029791015,0
0,1.9430477426841113e-08,0
0,1.7671089505379756e-15,0
1,2.4764047461889142e-14,0
0,0.007307462412035481,0
0,0.0007286972763174629,0
1,2.2142673055631263e-09,0
0,0.9679674517642268,1
0,1.0001529628758865e-07,0
0,2.2414277556496905e-08,0
1,4.2154014328341436e-11,0
0,4.667216673822843e-09,0
0,0.0002144810859395262,0
1,0.01095650546590759,0
1,3.459906386203624e-07,0
0,8.629892953411419e-09,0
0,0.006851635615552196,0
0,0.00030184173330427875,0
1,5.351386104862872e-09,0
0,2.524471927550963e-09,0
1,3.647285197231494e-05,0
1,3.005631837750343e-11,0
0,4.247828447427992e-14,0
1,7.485162735921496e-10,0
1,0.002301824283790754,0
0,8.336155936131005e-07,0
1,8.29094134557779e-12,0
0,9.34164102440829e-07,0
0,1.90058536160535e-11,0
1,1.1938852026332186e-11,0
0,0.012003851743292732,0
0,0.00032967329350275796,0
0,1.6900126903224635e-07,0
0,0.5407887298899895,1
0,0.2503169264039661,0
1,0.023577272367608912,0
1,1.755917122959981e-05,0
0,0.0002817484110387285,0
0,6.549719359356521e-05,0
0,0.0006201127969244296,0
0,5.458792262712697e-11,0
0,1.598515167990064e-11,0
0,8.76418243285511e-07,0
0,0.5352260828593256,1
0,1.9501722829591284e-08,0
0,0.01925347133830649,0
0,5.432263402775087e-09,0
0,0.03982354960394182,0
1,1.0529975698988323e-05,0
1,7.3256162741541364e-06,0
0,5.733256516765852e-07,0
0,1.3511636846861799e-05,0
1,0.0005813548919354805,0
0,0.019898732901029725,0
0,9.76833402748597e-12,0
0,3.02593689517803e-07,0
0,5.8515112136741804e-08,0
0,5.644155168705622e-08,0
0,0.015714549102752676,0
0,0.30878672765528803,0
0,1.5823136125278893e-06,0
0,3.1778613152520356e-07,0
0,0.06042144979641952,0
0,6.855270532379658e-13,0
0,0.738227427779621,1
0,0.00039516893240737136,0
0,0.8887770885584694,1
0,2.720807952342388e-06,0
0,2.2975436195124285e-10,0
1,0.04821429611187572,0
1,8.9005182086007e-09,0
0,0.1884713607943934,0
1,5.721001088492475e-06,0
1,3.122634966727424e-07,0
0,1.1562180943190785e-07,0
0,2.822686788171987e-05,0
0,0.021285359730158816,0
0,2.00972865569374e-11,0
1,0.0011458886368346346,0
0,0.0016760139664575594,0
0,0.16152123393969872,0
1,1.3943922523392633e-13,0
0,0.0005325505282611573,0
0,1.2453491938517146e-08,0
0,1.2752808149169182e-10,0
0,0.0006263939373235023,0
0,0.009486782684380135,0
1,1.1506008833356947e-08,0
0,7.2690968607177566e-12,0
0,5.541923193171109e-07,0
1,0.05632715140006582,0
0,1.29849483375392e-06,0
1,1.8827572564078034e-07,0
0,0.04798129292753623,0
1,4.493943625494913e-09,0
0,3.9222095419073247e-14,0
0,0.011405640391340802,0
0,1.1086374775588136e-07,0
0,0.00014556746646639845,0
1,2.8588945815216536e-05,0
1,4.3625245705992245e-10,0
0,0.789610892364962,1
0,5.19097749487916e-08,0
0,2.1248171732239158e-15,0
0,4.3342090108615005e-06,0
0,0.8780164225287453,1
0,2.3386532682739774e-10,0
1,0.0017808980723440816,0
0,0.003988038066595622,0
1,4.5860752720459515e-05,0
0,2.101287256416221e-09,0
0,5.970129723841642e-08,0
0,3.6280477860620424e-06,0
1,1.9708896231663555e-12,0
0,0.06001616049913416,0
0,1.6006091937059797e-06,0
0,5.139805788313827e-06,0
0,5.858264227910678e-08,0
0,3.8158689895458735e-12,0
1,0.00011989044641670003,0
1,0.0005207277871695371,0
0,2.6318335544760226e-08,0
0,0.04062278965774386,0
1,1.055765586495011e-06,0
1,1.4452709173382883e-11,0
1,0.0021903429523618067,0
0,1.4851197408846192e-08,0
0,0.00022546893166903182,0
1,0.008543599678278233,0
1,0.005320563956915731,0
0,0.0005932687205731064,0
0,5.640638171697841e-08,0
0,2.2160288945027384e-07,0
1,0.0003739773644647007,0
1,9.027855960076252e-06,0
0,0.09605632359958736,0
0,0.0007367717208875878,0
0,0.8506143744427267,1
0,0.11650810254632961,0
0,2.0744152057816367e-08,0
0,3.0923973935525124e-06,0
1,0.004165781355943929,0
0,1.0933635540873531e-05,0
0,8.072986030534838e-08,0
0,0.0003389725301442046,0
0,4.1150084323362703e-11,0
0,1.302681115024991e-06,0
1,0.023746470084382628,0
0,1.0346017234275328e-13,0
0,1.1411365189814567e-07,0
1,0.00026944390515113575,0
1,2.661675522111949e-09,0
0,2.75502867836704e-13,0
0,9.180773491668433e-06,0
0,0.1241911626011762,0
0,6.416789120010364e-12,0
0,3.254302147284792e-05,0
0,0.028234566676243827,0
1,0.004165109308698409,0
0,1.7143899149120438e-10,0
0,1.3057526479944885e-07,0
0,0.001157811476478991,0
0,1.6027505376313922e-12,0
0,0.0690688531794363,0
0,5.363664493939589e-10,0
0,3.282872560485404e-06,0
0,0.0029828386934097673,0
0,1.706269644378832e-14,0
1,0.0012899771938270658,0
1,1.219955046974252e-08,0
1,2.831443474826459e-11,0
1,1.0072723240940009e-08,0
1,0.11547653104405996,0
0,2.3538378575407407e-07,0
0,1.1533662662321985e-10,0
0,2.607106609035152e-05,0
1,2.500008888573859e-07,0
0,3.632308467197896e-09,0
0,4.503178764268753e-09,0
0,1.2625311919600629e-06,0
0,5.433711708355616e-08,0
0,3.837209637962611e-07,0
1,0.0006248785664451452,0
0,5.603474989093356e-14,0
0,3.516086294784798e-06,0
0,4.823062738614174e-07,0
0,1.211894195857901e-08,0
0,4.549503806860478e-08,0
0,5.231754106725823e-12,0
0,1.9239817495804405e-07,0
0,5.53539316596178e-09,0
0,3.2248900203358218e-12,0
0,2.274657732364956e-08,0
1,0.005876893595667931,0
0,2.3030653596276415e-08,0
1,2.3496437896981038e-09,0
0,2.443441994107427e-06,0
0,0.003600264044360358,0
1,0.0027001878087026653,0
1,7.763372133824886e-08,0
0,0.0002059391496708198,0
0,1.278230642583591e-07,0
0,1.2086669067093453e-11,0
0,0.03640145218764254,0
1,3.6268612630521706e-09,0
0,3.496531751539108e-09,0
1,4.056040283809029e-05,0
1,0.00025180618663796375,0
0,4.966486727469552e-13,0
1,0.0003704446161358812,0
0,0.9988685911014166,1
0,2.266861909469977e-11,0
0,0.7844919897117567,1
0,2.4371685876551926e-07,0
0,3.3433664938591954e-10,0
0,7.356938328624628e-08,0
0,0.32909097227847867,0
0,1.6272656752987286e-07,0
0,0.11843517754699387,0
1,6.583403224148788e-09,0
0,7.0266802238276394e-09,0
0,5.179332878671006e-08,0
0,0.049728007490022944,0
0,0.02990867064149465,0
1,2.5886928998294293e-13,0
0,1.159580077941368e-06,0
0,1.0909202248665767e-07,0
0,5.573130914077706e-12,0
1,8.579148178451172e-06,0
0,0.003506738973871716,0
0,0.00045111386650770527,0
0,8.831138277026368e-09,0
1,7.000057371582748e-07,0
0,0.01151772750889684,0
0,0.9674843606215006,1
0,0.05520859513043418,0
0,0.0002126271239337845,0
0,4.4345690542564755e-10,0
1,0.016976130743752274,0
0,0.00014804010473921665,0
0,0.04650541328619463,0
1,0.009690125610629964,0
0,0.0004652305137099722,0
0,0.008328468236293718,0
0,6.379555737081616e-13,0
0,7.150782222243366e-07,0
0,0.00010230859681840185,0
0,0.0012366451285934963,0
0,0.0772310361252858,0
0,1.448998651521044e-05,0
0,0.007465038277137029,0
0,6.794615603130859e-12,0
1,7.520922324176082e-12,0
0,0.00024607526974614025,0
1,0.00021127461888011313,0
0,2.9982151816044373e-13,0
1,0.00021164001764790216,0
0,5.143025797411035e-05,0
1,3.333291465650139e-05,0
1,7.512298290849643e-05,0
1,6.958307942563598e-11,0
1,0.003286305510782931,0
0,1.0080046926356388e-07,0
0,0.0028896623003535652,0
0,0.03261154981464248,0
0,2.1956653434863237e-06,0
0,2.0947599099445236e-11,0
0,1.5994145194176075e-06,0
1,0.0006818354762907351,0
0,4.879700564451138e-06,0
0,0.9257922562765026,1
0,0.0041531003448579155,0
0,1.0227447296292636e-10,0
0,0.0001259539690023141,0
0,0.0015025616020385658,0
0,0.026953311468029324,0
0,1.2149655227039704e-05,0
0,2.834030819802246e-07,0
0,0.603144579245542,1
0,3.77231983439498e-06,0
0,2.3861304817625573e-08,0
0,0.2050355347496962,0
0,0.00035418299892550794,0
1,2.0737276181419935e-12,0
0,1.3332243748793832e-08,0
0,7.164891201329258e-07,0
0,0.04490703612781011,0
0,0.0034989959124244593,0
0,2.8343712701332894e-10,0
0,0.0016723644427421728,0
0,2.7552055174329995e-07,0
0,4.70523749878525e-09,0
0,0.016059075565681216,0
0,1.7625131666681954e-12,0
0,0.03350201143008421,0
0,0.18952408751214175,0
0,0.0001311974290455922,0
0,1.3818526372940383e-05,0
1,5.513702800169903e-10,0
0,0.0001965869620113555,0
0,1.0830093538002048e-09,0
0,3.022276452315963e-09,0
0,1.7147456779112254e-06,0
0,3.552495510040598e-09,0
0,0.04395021019523137,0
0,3.3646560425034493e-09,0
0,7.527440545586926e-08,0
0,0.3636310980075904,0
0,3.427721981007619e-06,0
0,0.013361716414150272,0
0,0.0023388023892935276,0
0,0.00244270386450184,0
0,3.899613578324443e-11,0
0,0.031129491661566276,0
0,7.481593174804662e-05,0
1,0.0019814066229777052,0
0,1.9759224449774972e-13,0
0,2.29833600077993e-10,0
0,0.004703564109133133,0
0,4.156678186384667e-06,0
0,0.0006442225619800709,0
0,0.0020934770864366125,0
1,4.143648655052564e-11,0
0,1.2065714195130406e-08,0
1,7.750126095819616e-07,0
0,3.13066650706348e-06,0
0,0.0001356025685111263,0
0,0.15469745537745577,0
0,0.0013713038502946738,0
1,4.3153743082481314e-08,0
0,1.2460807145768731e-05,0
0,0.00018075141303187974,0
0,3.809732969005202e-15,0
0,0.002476942789326818,0
0,0.00019219416380760783,0
0,3.641230049987221e-10,0
0,1.2613968889224121e-06,0
1,0.014657514951178353,0
0,5.0316788911993405e-08,0
0,0.002898054370319386,0
0,4.3613368576858386e-11,0
1,0.00016309326617778815,0
0,0.0002019148879414047,0
0,1.4728155036139406e-09,0
0,8.039023792811524e-08,0
0,0.00033205411116164004,0
1,0.01738476042992867,0
1,5.417832391477629e-05,0
0,0.0009539832480151818,0
0,0.0005945893531864345,0
0,2.0941217322914776e-06,0
0,4.757481516634134e-10,0
0,3.3722132848952967e-07,0
1,2.5377130512260297e-10,0
0,5.5867006763352606e-05,0
0,0.00018180657245270328,0
1,3.244411771901362e-05,0
0,0.0073255858068799985,0
0,0.00012050840464232291,0
0,1.106651015831997e-08,0
0,0.5655386424624836,1
1,1.2951639724348199e-08,0
0,1.451013811020148e-05,0
0,0.0011258545248566435,0
1,4.9383077803370084e-11,0
0,2.7517653330740095e-10,0
1,5.384844933937935e-05,0
0,1.2134087410751743e-08,0
0,0.183343070976962,0
1,2.39732332703834e-09,0
0,1.8914067027791343e-05,0
1,2.550596768160121e-08,0
1,9.397160027615309e-11,0
1,2.1982818314962686e-10,0
0,0.0012375320092894353,0
0,3.5343868741755417e-06,0
0,0.07650531072540029,0
0,0.00012852777092304496,0
0,5.9915787160532155e-06,0
0,4.011391129376118e-06,0
0,5.3114862029582725e-06,0
1,8.574862414771693e-06,0
0,3.310443831002157e-05,0
0,0.00012274299897385574,0
0,0.2214091859305866,0
1,1.1972049560973931e-05,0
0,1.6013304545031873e-05,0
0,0.8810793774813015,1
0,2.888355471377168e-13,0
0,0.0028974289678548723,0
0,1.466830709325889e-10,0
0,4.613199207906497e-06,0
0,6.300596489436446e-14,0
0,7.625768120721529e-10,0
0,0.0002061581108237705,0
1,0.014869447448161944,0
0,5.626092980796546e-06,0
0,2.06295238153608e-16,0
0,2.386218408194493e-07,0
0,2.977840792257775e-06,0
0,7.698411683952287e-07,0
0,6.186824868097868e-13,0
0,7.908010960219475e-10,0
1,3.0433384453572415e-09,0
0,0.44044350397782567,0
0,1.6978316570360867e-05,0
0,0.00024016352755641665,0
1,0.003791627209029129,0
0,9.746262244912901e-10,0
0,2.427447157414459e-07,0
1,0.00014601354020656108,0
1,0.0006992647606446916,0
0,6.140540438838242e-11,0
0,0.049739798190577805,0
0,5.972321979873135e-05,0
0,0.21869395941278424,0
0,0.01355133608298361,0
0,8.998165922573055e-06,0
0,5.895138781042482e-07,0
1,0.07314639415731788,0
0,0.015056922485362417,0
0,1.8942393233086407e-07,0
0,0.002551530661158641,0
0,0.09880907578446711,0
0,0.00027571416045021993,0
0,1.6585865857523957e-06,0
0,8.522074860055414e-13,0
1,2.186218939116031e-05,0
0,7.712695930240647e-07,0
0,0.000654327209830462,0
0,0.25939532483777333,0
0,1.6766185674780867e-07,0
0,0.007023946022375744,0
0,0.0006032171527386598,0
0,0.004286684568166807,0
0,0.00025473719660263776,0
0,0.01923637279130364,0
0,0.001386682800329522,0
0,0.00013114584413187447,0
0,0.002750482162785851,0
0,1.6882652972377784e-08,0
0,9.817643157775936e-09,0
0,9.715945713432417e-07,0
1,3.135403561463428e-11,0
0,0.007512509838798187,0
0,6.749125566218476e-10,0
0,6.751082026368254e-06,0
0,0.6544586850886993,1
0,1.197295750182029e-10,0
0,0.007777954375190586,0
1,1.1791678250813523e-13,0
1,1.848386989659855e-05,0
0,0.0029244426754280115,0
0,0.0005810514993922614,0
0,4.073836711894757e-12,0
0,3.348073980299116e-10,0
0,4.1827470856126507e-08,0
0,0.00021661184309115807,0
0,6.181506337449377e-08,0
0,0.00713850217927772,0
0,6.955021902267984e-12,0
0,5.120085937663337e-06,0
0,0.06006540142930439,0
0,0.00126152950070757,0
0,0.0003394166897519298,0
0,0.10256315221950146,0
0,0.07366425304984033,0
0,6.485636152149678e-05,0
0,0.001084309570461934,0
1,1.789068848820942e-12,0
1,9.089730057402163e-09,0
0,5.257848598454793e-06,0
0,1.2628522362963709e-06,0
1,8.133369604859602e-08,0
0,2.593599055894012e-09,0
1,1.3886347782981998e-05,0
1,1.3423805601050123e-05,0
0,7.692614500879954e-10,0
0,8.894178357369391e-05,0
0,3.9261186195219346e-07,0
0,8.953687562582444e-09,0
0,0.008781449203025295,0
0,1.0289365489330895e-07,0
0,0.5459648289618017,1
0,0.6173102357407141,1
0,0.03220087160180791,0
0,8.614519208945796e-07,0
0,5.110050917060558e-13,0
0,0.01772433722260832,0
0,0.015270721441348637,0
0,3.9566250589187415e-08,0
0,0.10045089094374676,0
1,0.0005079703458001168,0
1,1.2073538416409316e-10,0
1,3.1078538162265574e-05,0
0,0.0017870993733160514,0
0,0.0001700017798664408,0
0,0.03709472871227796,0
0,1.348998325998401e-06,0
0,3.7824425694448864e-05,0
0,0.0033991989569600663,0
0,0.000924482332458766,0
0,3.192135198448221e-08,0
0,0.004534696278111431,0
0,0.00019073046004772755,0
1,4.545777602749749e-11,0
0,0.09010682152964959,0
0,3.478177033755762e-07,0
0,2.1593305241158552e-07,0
0,1.4008995317971902e-05,0
0,8.605442718422864e-08,0
0,4.707435531033236e-10,0
0,0.10051014769630333,0
0,1.0943138077121392e-05,0
0,0.0005602820892418543,0
0,1.565417121459189e-08,0
0,1.504664327554315e-14,0
0,4.230711190497418e-05,0
0,3.169960418784649e-15,0
0,0.0029438737205439523,0
0,1.9870200636628564e-15,0
0,4.331600067935018e-06,0
0,3.0058156730344134e-08,0
0,1.0829801804395601e-08,0
1,3.743290814930844e-06,0
1,9.265953648507321e-07,0
0,0.9448033676211124,1
0,2.910204053511597e-08,0
1,2.395785955980516e-09,0
0,0.0014701209526323073,0
0,0.0010581875599908338,0
1,3.823781080041238e-08,0
0,0.0009447482335903596,0
0,0.34294720707656917,0
1,0.0009217352637248191,0
0,0.22936028989205245,0
1,1.7031761967302182e-08,0
0,2.525350456949587e-09,0
0,0.03023861501008108,0
1,6.04688329554541e-08,0
0,1.0807982307652457e-09,0
1,2.9435203341378946e-06,0
0,1.1671259190430646e-18,0
0,6.584442885009889e-07,0
1,7.615585703322996e-08,0
0,1.0447717833292145e-11,0
0,1.5893203275277678e-07,0
0,2.2317320443609063e-07,0
1,2.1004767688517243e-10,0
1,2.4247106764201936e-06,0
0,9.774487897931586e-06,0
0,8.176501599364723e-05,0
0,2.6046195903977698e-06,0
0,7.10602031779794e-06,0
0,1.5710021820095338e-11,0
0,2.9397465018272407e-05,0
0,2.4700942735663337e-08,0
1,4.3460940901734625e-05,0
1,2.1788165216084482e-11,0
0,3.2660955486256034e-07,0
0,6.454796488101099e-09,0
0,0.0026269125608413433,0
0,8.135367182738706e-08,0
0,3.613160095202339e-14,0
1,2.2554418978487806e-07,0
0,9.725556497780296e-08,0
0,0.0452286808201584,0
0,4.0043732119607227e-07,0
1,5.668192842744483e-10,0
1,6.635291720169813e-07,0
0,0.11864519073550867,0
0,1.8271075945492354e-08,0
1,0.000519126254492568,0
0,3.1856324811866175e-06,0
0,2.955736107667694e-07,0
0,4.218193563239642e-09,0
1,8.235437512095297e-05,0
0,0.005360250518755952,0
0,0.5457830108869891,1
1,1.199169184305557e-06,0
1,5.072241656660546e-07,0
0,2.50613663959322e-08,0
0,1.5843446911550647e-06,0
1,1.7316107082620615e-08,0
1,4.3177879444552547e-10,0
1,2.2064717457503524e-09,0
0,7.292707875155313e-13,0
0,8.052910056230846e-06,0
1,8.431027230493889e-12,0
0,0.0014695616355151868,0
0,0.04768227697901055,0
0,5.820843944212364e-09,0
0,5.961205436313956e-10,0
1,2.0487559778136448e-08,0
0,2.542568871445834e-08,0
0,1.0643661181193504e-06,0
0,5.6851217988461863e-08,0
1,1.0505246150401224e-09,0
1,1.6097853149656665e-07,0
0,7.410436372303656e-07,0
0,1.1700415034800285e-06,0
0,1.985562235406135e-09,0
0,0.0002948255888805713,0
0,3.889150202144449e-14,0
0,0.009404550780281459,0
0,9.191510230200164e-09,0
0,2.0792749099673278e-08,0
0,0.8353052335981298,1
0,1.6242281544927564e-11,0
0,2.2965294948432815e-05,0
0,0.016072313349924847,0
1,0.00015086422711791037,0
0,8.836228880172942e-10,0
0,0.07368150124863272,0
0,1.909875459806101e-12,0
0,3.351937378154506e-11,0
0,4.846031315289696e-10,0
1,0.002306758572335725,0
0,0.04252037596434288,0
0,2.540784059734272e-08,0
0,0.007038573524652275,0
0,0.6592833187736455,1
0,0.8719907210789732,1
1,1.1917073609584637e-11,0
0,2.7684259299462603e-06,0
0,2.4701239025674473e-13,0
0,0.00046342524294932526,0
0,0.0017908171485605695,0
0,0.0012247008981315292,0
0,6.12296082897786e-11,0
0,9.904104655603811e-05,0
0,2.6506662910713742e-05,0
0,1.4499693916185754e-05,0
0,0.033467214758108786,0
1,9.177516547126096e-06,0
0,2.0522250862934908e-05,0
1,0.00038358258647306845,0
1,1.0997946291137034e-09,0
0,3.2051402054690657e-10,0
0,6.340119906844296e-05,0
0,1.1710173420307562e-05,0
0,2.9702906494326293e-06,0
1,1.0577903868887737e-08,0
0,0.0009540132767690997,0
0,0.0012597264131155499,0
0,2.4808837553551223e-08,0
0,0.0028977982834690365,0
0,8.377097413280889e-08,0
0,1.7487964920533352e-10,0
0,0.002975937174648559,0
1,8.220565173000669e-05,0
0,0.001686371116076783,0
0,1.2744273592797274e-06,0
0,1.6421347214917848e-09,0
1,5.457022173763675e-09,0
0,0.0029465831975169793,0
0,1.5637484094061784e-10,0
0,0.00012961033043926485,0
0,3.273819812135444e-10,0
1,0.000254777249785412,0
0,2.0352000691505025e-08,0
0,1.5652502946124965e-07,0
1,3.5934101387048554e-06,0
0,0.01717643265620648,0
1,9.677788711043661e-05,0
1,0.0006235174980403776,0
1,3.4986099510548306e-10,0
0,2.3906786410329686e-05,0
0,6.870663452348763e-10,0
0,3.048032993432899e-08,0
1,2.1409389780222933e-06,0
0,1.7414822351083996e-11,0
1,8.192236732732664e-11,0
0,6.364781384566527e-05,0
0,0.08482530411648996,0
0,5.835371771140382e-07,0
0,0.002402595629783043,0
0,5.410553663596766e-13,0
1,1.7598322003892002e-12,0
0,0.00010529051935011896,0
0,0.9045013050468691,1
0,2.0429671464538054e-15,0
1,6.771942343201765e-09,0
0,1.952811850111349e-07,0
0,0.15406517287544114,0
1,1.8053411080087144e-15,0
0,0.05455502896723525,0
1,1.5295972647538194e-07,0
0,0.1686202131884325,0
1,0.007156884077654913,0
0,5.161835788645588e-10,0
0,0.45182604786833125,0
0,6.7974673194223584e-09,0
0,0.05395466288306131,0
0,0.41907724553557885,0
0,7.543117351525635e-10,0
0,1.4381001456284318e-12,0
1,0.0003488886993381003,0
0,0.00019992566958497725,0
0,0.9764148623282828,1
1,1.0610970010837308e-10,0
0,3.0069667389370505e-06,0
0,0.00016382300387077312,0
0,2.430514552397838e-13,0
0,0.000745083130299785,0
0,0.055640036455300655,0
0,0.18699727844640068,0
0,0.4036900718752629,0
0,2.9775009350024326e-07,0
1,0.06970756330529727,0
1,2.9644756107429324e-08,0
0,0.032895158120351646,0
0,4.050413391721377e-09,0
1,1.0270818878739573e-06,0
0,0.00953434922501849,0
0,0.00014318303584971367,0
0,4.85436105732182e-16,0
1,9.108025159252501e-08,0
0,1.3279128091832197e-13,0
0,0.0029181748255568936,0
0,0.0008550384738109705,0
0,0.9040858387170946,1
1,7.284151034242962e-06,0
0,3.49538851103589e-09,0
0,0.002436176109082063,0
0,0.03542744759782136,0
0,0.21932771187527378,0
0,5.857127381007111e-11,0
0,1.4631907046241717e-09,0
0,0.00783751331596226,0
0,3.721808676800909e-09,0
0,0.0027648673266117176,0
1,6.505793690817873e-10,0
1,0.0002138268538686977,0
1,2.3353644422900805e-06,0
0,0.0012402188273696903,0
1,6.51438747648994e-07,0
1,4.090791336879083e-08,0
1,7.013895770062241e-08,0
0,0.0010233987014061554,0
1,0.003067987247347518,0
1,5.7411825481834916e-08,0
1,7.365896945664507e-07,0
0,0.0003551580989288303,0
1,7.539747423630207e-06,0
0,2.1395741246606315e-06,0
1,8.050138250390071e-06,0
0,9.353564863145041e-07,0
0,5.115719628707701e-07,0
1,0.17829885849430566,0
1,0.0005908565564082803,0
0,0.0010789683998614515,0
0,5.073468994991683e-08,0
0,0.014658080889033908,0
0,3.3039535326657193e-07,0
0,1.4733118740919915e-13,0
0,0.00013517142313112645,0
0,3.508670080547788e-08,0
1,5.215599950027462e-10,0
0,0.00120783273943361,0
0,5.757393183875496e-08,0
0,1.075111160833931e-05,0
0,6.373872950267207e-05,0
0,0.0004428925719760987,0
0,0.2624347244020486,0
1,0.03176216474223783,0
0,2.1636347870290654e-14,0
1,8.854561431019395e-10,0
0,1.818687566104541e-05,0
0,6.858964444314909e-05,0
0,0.5173394379761517,1
0,5.7671157226557796e-12,0
1,6.405469396176398e-05,0
0,1.6472660621945098e-05,0
0,0.00038557453954988596,0
0,0.11206668987115984,0
0,2.853012969494225e-09,0
1,0.04895998248815671,0
0,6.230237715771792e-11,0
0,2.6466628569270936e-06,0
0,0.0035220074535621884,0
0,0.0011803213287933522,0
0,2.1039954849321418e-06,0
0,2.458013622287005e-08,0
1,3.95327882514001e-07,0
0,0.9971270295792813,1
1,2.1859229217098415e-09,0
0,6.527262811266419e-07,0
0,1.3168844089280781e-07,0
0,0.000703992945680356,0
1,4.791577469444766e-05,0
1,3.344692067057065e-10,0
1,1.8137190632600492e-11,0
0,1.5705335101568747e-09,0
0,1.9842620593578419e-10,0
1,2.3767361466804034e-07,0
0,5.893050751099592e-07,0
0,7.261204632368787e-09,0
0,0.04324903403778236,0
0,0.0033143072246143335,0
0,0.003134455759904295,0
0,4.097496134582859e-05,0
0,1.8920800849160024e-10,0
0,5.975091503477893e-09,0
1,2.0009768187037417e-11,0
0,2.0525654101729805e-07,0
0,5.973120235053227e-10,0
1,0.000389264294581626,0
0,0.044060408763564915,0
0,2.674429320721092e-06,0
0,0.003273056349569875,0
0,0.004046442754269033,0
0,2.3308747434100997e-12,0
0,0.0006678010319344542,0
0,0.033691790132927,0
0,7.895583890165801e-05,0
0,9.901955133124123e-08,0
0,6.396023362157918e-08,0
0,0.17665281631813642,0
0,1.9008068000142668e-08,0
0,1.0207286535540574e-09,0
0,0.16070149054211308,0
0,1.1432177215089176e-05,0
1,2.4583419543026952e-05,0
0,9.797780207824779e-10,0
0,0.005085397854373571,0
0,2.867644873531691e-09,0
0,4.827521080236181e-06,0
0,0.0001750837287894401,0
0,0.000283704652699044,0
1,2.08799680983139e-08,0
0,0.025101678982670492,0
0,2.096664845597782e-09,0
0,0.09092514241417293,0
0,1.787108226818327e-06,0
1,0.0025172817672081483,0
0,8.246289299341279e-05,0
0,0.01653593902247432,0
0,8.016097076787656e-06,0
0,1.6641987421737764e-07,0
1,4.3839460668054344e-08,0
0,0.00037026942158435564,0
0,3.239891853815737e-07,0
0,6.559766931339176e-11,0
0,3.120250875983794e-08,0
1,2.7944516032535244e-05,0
0,0.00030515770677632667,0
0,5.155621770583656e-10,0
1,0.00011682469403660366,0
0,0.016913643661007123,0
0,3.0629245169737354e-06,0
0,0.23475216484693992,0
1,7.505396665893702e-06,0
0,4.003575002110287e-06,0
0,4.4234126313176746e-05,0
0,0.30243330240653604,0
0,2.8178984536200786e-11,0
1,0.00032666821378349363,0
0,0.0026516809326738175,0
0,3.8923059455710475e-08,0
1,3.813811128144988e-14,0
0,7.062260423734819e-08,0
1,0.00013228757401244289,0
0,0.01998567927546564,0
1,1.7887632922835485e-06,0
0,1.829888906654386e-08,0
0,9.24855892086033e-05,0
0,2.4421483230612077e-07,0
1,3.1422883574292724e-07,0
0,9.90074993357085e-08,0
0,0.003271597446559298,0
0,2.2742342763246221e-10,0
0,0.08384809141001022,0
0,0.004158116641518009,0
1,0.00029740240677305084,0
0,4.5989997428016924e-08,0
1,0.0025971941727612868,0
0,0.30720216847163007,0
0,3.273818753226238e-08,0
0,0.006574027102119024,0
0,6.647722274320123e-08,0
1,1.1364310399603549e-08,0
1,5.1184401974875064e-06,0
0,9.078829182324524e-10,0
0,0.0006208305370615219,0
0,5.67302672208121e-09,0
1,0.11695962375820095,0
0,1.2868868243711296e-08,0
0,1.5998220277755443e-05,0
1,1.6714104159556828e-07,0
1,4.5061285265076705e-07,0
0,1.3741766672187306e-07,0
0,1.5588599623646357e-09,0
0,2.8847835073347636e-10,0
0,4.150135065831566e-09,0
0,0.0016880048182130096,0
0,1.4897045534973744e-05,0
1,1.3675346212090043e-06,0
0,2.99831623313356e-11,0
1,5.668995537330334e-08,0
0,3.1931176520771377e-13,0
0,2.3271820142920033e-06,0
0,1.5355486135301876e-05,0
0,2.8375767039290755e-09,0
0,0.0002547869743075764,0
0,0.0020805138549079864,0
0,1.7580744976169303e-15,0
1,0.0004356511297805796,0
0,5.138552177178038e-12,0
1,0.0008890387797611125,0
1,1.047080697739001e-10,0
0,2.1977775240654955e-07,0
0,5.349789729389334e-08,0
1,6.527160998027814e-11,0
1,3.056118175856385e-08,0
0,3.597573311007382e-10,0
0,0.03152638114894798,0
0,4.5109743039579055e-07,0
0,5.842564111825077e-06,0
0,9.153051165813859e-09,0
0,0.04490950164108118,0
0,3.008415935545219e-05,0
0,3.646463700227209e-09,0
0,0.023042107602334962,0
0,3.140838387486021e-08,0
0,0.0038311399322724683,0
0,5.5686982044417205e-08,0
0,0.13370873112460283,0
0,2.1995793878927542e-07,0
1,2.3188976591044363e-10,0
1,5.757921918611799e-07,0
0,2.718691229617695e-09,0
0,0.00732126940097047,0
1,6.40222907127272e-08,0
0,0.0001971429483269277,0
0,1.7447545118365517e-07,0
1,1.0279757101885212e-05,0
0,3.7601905242810743e-06,0
0,4.514038770912005e-05,0
0,0.3166520243310252,0
0,3.11094155333245e-05,0
0,7.978281662430114e-14,0
0,7.222377246941563e-09,0
0,1.1203978895200782e-13,0
1,9.27907915675098e-06,0
0,0.0004079355647793756,0
0,2.284145573825207e-09,0
0,0.00065279312387782,0
0,0.00200677312472949,0
0,6.383422594899934e-09,0
1,3.441086709658187e-14,0
1,2.428388393256541e-09,0
0,0.007060663767906241,0
1,0.0005678642258174507,0
0,0.06401633240461177,0
1,2.9741754748012953e-07,0
0,2.4667851244111587e-10,0
0,4.423000916631878e-08,0
0,0.06025631578000138,0
1,0.0008626951803036686,0
0,7.293587766445905e-14,0
0,0.000632646267984717,0
1,0.04858053142042472,0
0,1.50427669056478e-08,0
0,5.721693760001766e-13,0
0,0.00014625200186356717,0
0,6.455630686067191e-13,0
0,1.3847017907478774e-08,0
0,4.98466668602602e-10,0
0,0.14763234334383984,0
0,2.427258823882707e-13,0
1,2.197463446731418e-14,0
1,0.010360929011227583,0
1,0.00015683497915127225,0
0,1.69374441047618e-07,0
0,3.525345641970197e-09,0
0,0.0005382919148902441,0
0,4.0602867923568776e-10,0
0,0.017502738990100297,0
0,0.006986273022120098,0
0,0.040303455820916496,0
0,0.0005827570552715854,0
0,1.617493961471359e-06,0
0,8.065344978982941e-10,0
1,0.0002714614601403109,0
0,1.5515489722720112e-07,0
1,1.184709808326175e-06,0
0,0.00019926318910776374,0
0,1.0588142129703586e-12,0
1,6.138977427835356e-10,0
0,6.334836956743163e-06,0
0,0.0016817165386885107,0
0,1.0945708830901063e-06,0
0,0.15656726567707946,0
0,0.011819348406160867,0
0,0.6965512667886647,1
0,0.756636277735735,1
0,0.8936131493467188,1
0,0.02321150784102545,0
0,0.008070919133137788,0
0,1.3135866570919886e-08,0
0,1.406949185458975e-08,0
0,0.005593789598170387,0
1,2.8187686449314678e-14,0
0,1.2229012894269243e-05,0
0,1.3281843298684388e-06,0
1,2.0678004485344272e-06,0
0,0.030107781460066086,0
0,1.4539196246021816e-06,0
0,0.014942002147925145,0
1,2.46111082773319e-06,0
0,1.8586236845606007e-07,0
0,0.0006651048509645204,0
0,0.0004872691373313994,0
0,0.12153094568219197,0
1,0.000741826841508081,0
1,2.677223945341581e-07,0
0,1.0986007496330285e-10,0
0,0.16700885399787546,0
0,0.0002105441513445743,0
1,1.7993308420387415e-08,0
1,2.347067241148599e-06,0
0,5.053515583431055e-09,0
0,0.00019488196016518168,0
1,6.81112288662583e-05,0
0,0.946071723174182,1
0,0.015109936649663142,0
0,3.8765567720796634e-07,0
0,2.7971928815227564e-07,0
1,0.0012905881120275626,0
1,1.2858041203146878e-12,0
0,1.5037391607728055e-05,0
0,7.244409797154753e-11,0
0,0.030853084515506796,0
0,2.0334289305005593e-05,0
0,0.00024126506517992767,0
1,1.8724710271748096e-05,0
0,0.03276674969942765,0
0,5.2847325226822806e-05,0
0,0.012606078846898874,0
0,0.9364460659981623,1
1,0.01811641643672517,0
1,0.001653881875834349,0
0,3.101352868703327e-17,0
0,7.777325399333642e-07,0
0,0.33257557805160815,0
0,2.3951578332396097e-13,0
0,0.001015585993757245,0
1,7.329334798220802e-05,0
0,0.972904696227921,1
0,0.0008958680971980109,0
1,0.0003730730692383409,0
0,0.9328865924885245,1
0,1.6476692768600274e-05,0
0,0.06134545302155901,0
1,0.0007180697070721159,0
1,5.686393221538625e-07,0
0,0.09302515606770521,0
0,0.0074101513101673296,0
0,0.4077264204536559,0
0,3.195897724538595e-07,0
1,2.459526739955676e-06,0
0,0.0001012474489416616,0
0,4.678052087327805e-05,0
0,0.13390564577116562,0
1,1.3655271904452328e-06,0
0,1.6371805629578212e-09,0
0,7.06971743669715e-06,0
0,0.9592959592646361,1
0,0.04489639933844417,0
0,4.6028148773326646e-05,0
1,0.00029725055761413785,0
0,4.816260953279909e-07,0
0,6.654373209171887e-07,0
0,0.0039702569205420845,0
1,0.00886944661667513,0
0,7.644282289320263e-06,0
0,1.3390643906126666e-05,0
0,7.578231316957493e-11,0
0,4.967359320742801e-08,0
1,1.9096850184661518e-08,0
0,0.012974029711281159,0
1,1.002332031334168e-05,0
1,7.76204998289255e-06,0
0,3.376076459576913e-06,0
0,2.013497707824843e-09,0
1,2.8689383490345225e-05,0
0,0.000510800201684031,0
0,6.573583871756146e-08,0
0,1.462738247215395e-08,0
0,0.00021648498679527843,0
0,5.427087237744921e-07,0
1,0.003382162946798747,0
0,1.0423521607437746e-07,0
0,0.9957760125471543,1
1,0.0011477255830450073,0
1,5.342234010134607e-07,0
0,2.3130418546998293e-06,0
0,0.0035718644715981747,0
0,2.1060554430791206e-14,0
0,0.0016756057032966726,0
0,1.643216029238868e-10,0
1,0.0003251941914091767,0
1,1.4236771871969375e-09,0
1,0.1428580896937098,0
0,1.508474050114211e-06,0
0,0.01294548925040494,0
0,6.0774446560643215e-09,0
0,4.335011184136185e-06,0
0,3.218495659410766e-12,0
0,7.497008303878559e-09,0
1,0.001951260748372107,0
0,0.0011137778913536261,0
0,7.968086700077917e-10,0
0,6.391220767230517e-05,0
0,2.5677064106489236e-05,0
1,7.033504568100121e-08,0
1,2.3546715133438752e-05,0
0,1.549766971546766e-08,0
0,1.758711098919716e-05,0
1,5.982514662406316e-09,0
0,1.6885177862552425e-09,0
0,1.832538441438842e-07,0
1,4.361153584525747e-07,0
0,0.37038751359796307,0
1,0.0006853254373241656,0
0,1.904297356963072e-09,0
1,1.9720824632917624e-06,0
0,3.6884674189661494e-09,0
0,3.2648373397609914e-06,0
0,4.923900684362051e-08,0
0,7.925514021718633e-09,0
0,7.687855093510027e-12,0
1,6.092956688249663e-05,0
1,8.284763254795685e-08,0
0,1.1942888360869286e-13,0
0,4.998960723440109e-10,0
0,3.9222787914574515e-06,0
0,2.358933744850168e-10,0
0,0.9518864162388816,1
0,2.126166804785231e-05,0
0,0.00014390362233027162,0
1,5.709521532087209e-12,0
0,5.3523565392954046e-11,0
1,0.01313469621996352,0
0,9.730494348572045e-06,0
0,3.755406383445033e-05,0
0,0.07895008546695194,0
0,0.00013728622168160601,0
0,0.09779820069574664,0
1,2.247265751197538e-07,0
0,6.541716620985377e-05,0
0,1.061974366750509e-05,0
0,0.007557720901147076,0
0,4.708295331889323e-06,0
0,8.316750025390555e-05,0
0,0.22837280826149745,0
1,4.4623495615039354e-14,0
1,4.35922655241719e-09,0
0,0.9756298327313431,1
0,2.5843143062729083e-09,0
0,2.286849475927803e-08,0
0,0.00019972243433284201,0
0,2.176544072921098e-07,0
0,6.176581432721612e-11,0
0,1.7062502076331383e-07,0
0,1.3542876793957698e-07,0
0,0.0006320337584311046,0
0,0.0006437445924842582,0
0,0.011719050428272773,0
0,4.880062784646631e-10,0
0,6.539502350718475e-10,0
0,0.38244372218664874,0
0,5.494273267921983e-08,0
0,1.2662448390391755e-05,0
0,3.4597665263629926e-07,0
0,0.08270607305259123,0
0,1.7303221903061107e-07,0
0,1.9494953847805556e-06,0
0,1.6263474154198936e-05,0
0,5.156606123578419e-06,0
0,8.747097048060446e-06,0
0,0.9423325283092187,1
0,7.727026117366768e-08,0
1,1.6674248263323177e-06,0
0,3.0400346618936124e-09,0
0,0.22411872977758718,0
0,0.0001791679231335004,0
1,5.936290489552371e-07,0
0,0.0001636281728535453,0
0,2.9608455413668975e-09,0
1,3.1420597044955802e-06,0
1,7.389656371663929e-09,0
0,0.0008511346906341649,0
0,0.007550406739552902,0
1,1.8915172527909894e-05,0
0,0.0001377104735580448,0
0,1.999070054840874e-10,0
0,3.714406319233755e-06,0
0,9.866777559598306e-05,0
0,5.532195761413007e-05,0
0,0.00941664915154781,0
0,2.5459928540250726e-06,0
0,4.397841278730489e-11,0
0,3.232910463456664e-05,0
0,7.477640512782839e-10,0
1,0.05346024720531998,0
0,0.021277201172719466,0
0,2.5518983166684632e-08,0
0,0.7510279727819876,1
0,0.0019185579714410992,0
1,0.018624580837268437,0
0,0.21233596446088204,0
0,0.0007003863150558161,0
0,0.0007892205834672527,0
0,0.2245699660119161,0
0,1.1414126382984503e-05,0
0,2.812607369076221e-14,0
0,0.006317881143685842,0
0,0.08821716959051266,0
0,1.3415619707341926e-11,0
0,5.8822348755492906e-08,0
1,3.156822575846401e-05,0
0,0.03812922375539038,0
0,0.006842272211162787,0
0,2.9821324368191797e-06,0
0,6.456435353582228e-13,0
0,0.001262664378374996,0
1,0.0792162247664424,0
0,1.0963260733339277e-07,0
0,0.011844018021821463,0
0,2.709963468208908e-05,0
0,5.621913927155835e-07,0
0,0.0003815314881812035,0
0,0.0013409752639982598,0
1,7.916200905112339e-07,0
0,1.6303964432406387e-06,0
1,0.0001350134569710564,0
0,2.277046128330003e-05,0
0,2.5297267757033533e-07,0
0,1.4328753651551305e-08,0
0,7.324033955349456e-09,0
1,4.924869334695171e-11,0
0,2.6818404154538602e-06,0
0,1.4911275129255543e-09,0
0,2.447052333656135e-07,0
0,6.560207929854806e-10,0
0,0.017520463185918385,0
1,0.039792687467209924,0
0,0.0011201455601535023,0
1,4.1258272566494575e-08,0
0,0.0003634786416662753,0
1,2.4126866832054736e-05,0
0,5.700993180269702e-08,0
1,1.6313113254975346e-07,0
1,1.1171049300882137e-05,0
0,0.024596517430232806,0
0,0.06638412310526279,0
0,4.4377876988407166e-05,0
0,8.720300318482205e-08,0
0,0.11845499318616788,0
0,3.205452068612451e-06,0
1,0.05227384797605456,0
0,0.0009935317155673807,0
1,2.6155907094959214e-05,0
1,0.010465632296139156,0
0,4.507900868928925e-10,0
0,8.675222066197673e-11,0
1,5.8240950672859335e-09,0
0,3.6620878337710603e-06,0
0,2.43523662966647e-10,0
1,4.664110499465823e-09,0
0,0.07944673120376801,0
1,4.4010577221675554e-08,0
0,5.647361179689723e-09,0
0,0.0011937151616017172,0
0,0.000205903747409552,0
0,4.455084361037293e-05,0
0,6.641740837603163e-09,0
0,0.0024354664597281642,0
0,0.145842669205376,0
0,0.11168987405034334,0
1,0.0007348123613069642,0
0,1.4095232376863198e-05,0
0,1.082834797475617e-05,0
0,0.9126785119535114,1
0,0.561107245606755,1
1,1.8270419899540225e-09,0
1,0.010683846267607973,0
1,1.251342422134585e-06,0
0,7.988876035877382e-10,0
0,1.6182537238835984e-09,0
0,3.796995014905128e-18,0
0,0.011923633007270458,0
0,0.00509732399940157,0
0,1.6319640565449e-07,0
0,5.809293009629957e-14,0
1,3.5019941208663054e-09,0
0,0.002105878294068799,0
0,3.597044000040318e-10,0
1,3.5916995328985294e-05,0
0,0.00013952294946932952,0
0,2.9472543798279003e-09,0
0,5.895284216846852e-09,0
0,9.418806620203663e-08,0
1,1.4300604822727574e-07,0
0,0.0018120587011689411,0
0,1.1918138386563735e-10,0
0,0.0004831173908302375,0
0,0.004902936306004411,0
1,0.018752438240991785,0
0,9.336641804416389e-12,0
0,0.00020412336686081908,0
1,2.9948338549039737e-16,0
1,9.148782819904848e-08,0
0,0.007118883487062395,0
0,6.3632867361397535e-06,0
0,4.8457602022944326e-06,0
0,3.537171718691881e-06,0
0,0.06898112657812867,0
0,0.16519252748843685,0
1,0.001243302116840234,0
1,6.5284817100685465e-12,0
0,0.0004090793631594182,0
0,0.0007023615250296893,0
0,1.9378169205511324e-09,0
0,4.092335958432896e-08,0
0,1.5057547805361438e-05,0
1,0.0006865207952044464,0
1,7.63506964798158e-08,0
0,3.1931294690485645e-09,0
1,3.958543691418641e-08,0
1,0.0009757225151916181,0
0,0.03968432356085688,0
0,0.00981527481809628,0
0,8.048014273100546e-05,0
0,1.1436285946517799e-09,0
0,0.9686322823763056,1
0,0.0008418692351963276,0
0,1.2678207527279335e-05,0
0,0.007176067108420936,0
1,0.00022481272241590606,0
0,0.9921332854164178,1
0,0.0038898995823020838,0
0,2.0620853917795594e-13,0
0,3.598487701332576e-07,0
0,4.175124701192498e-08,0
1,4.003298982919888e-09,0
0,0.0038811757065869423,0
0,1.8058403799304748e-07,0
0,0.00010380488950025095,0
1,0.0025856670506689034,0
0,0.019498511470116338,0
0,4.1093617959740955e-09,0
0,0.999023144747198,1
0,0.5829442404101157,1
0,0.43707367205220043,0
1,7.61063507759678e-12,0
0,2.2356358812896723e-05,0
1,8.474469494791397e-10,0
0,4.610082354663003e-07,0
1,2.0034965461239728e-09,0
1,0.034669157838168624,0
0,2.6582530026440002e-09,0
0,6.621012532926812e-09,0
0,3.48960267053118e-05,0
0,0.8846913880544928,1
0,1.6692510866505443e-08,0
0,2.6149091147645688e-08,0
0,0.0031590483789875313,0
1,6.714092312299348e-14,0
0,1.0412040885970926e-08,0
0,2.6695796010740344e-10,0
0,0.0025231016824613993,0
0,0.06709008224373875,0
0,8.612620300888403e-05,0
0,0.012244676699665065,0
0,2.272181558237589e-05,0
0,1.0795176634585861e-07,0
1,0.00022911547289110331,0
0,4.279222271761472e-05,0
1,1.4419793925687942e-08,0
0,0.00181501820962858,0
0,1.0450777871225254e-07,0
0,0.05455863801262343,0
0,3.333832523127665e-09,0
1,9.394011986206108e-17,0
0,5.766499774261463e-14,0
0,1.264772543666159e-08,0
0,0.011039588348701605,0
0,7.109833914548103e-12,0
0,0.24948552701102253,0
0,4.393015474655106e-11,0
0,1.0625428664592274e-06,0
0,0.00014541401072554685,0
0,3.3640068262463396e-12,0
0,1.3841409386713398e-16,0
0,0.17353354014960817,0
0,5.943440459467483e-07,0
0,1.5211824639558996e-05,0
1,1.7366718024587982e-11,0
0,0.9775680053766547,1
0,0.000172887135778287,0
0,0.00016766894458335432,0
0,5.783258398440821e-11,0
0,0.00042771562495327203,0
1,1.386187870235239e-06,0
0,0.9518038545817828,1
0,0.007341676757803125,0
0,0.0017740645310807934,0
0,0.38714719900765987,0
1,0.06203129305336926,0
0,8.452847105907749e-10,0
0,0.03054794725003195,0
1,4.717868433833118e-05,0
0,0.9565620283703729,1
0,0.005238262031671711,0
0,1.1129349275536916e-14,0
1,0.008178284833597812,0
1,6.42545344994877e-07,0
0,0.20108835807455283,0
0,0.0008114686515920083,0
1,0.8458865620271375,1
0,4.1625205069848474e-05,0
0,0.04288929066321368,0
1,4.940913571691522e-09,0
0,1.6633697391567276e-07,0
1,1.283096410420116e-09,0
1,3.553652145488529e-08,0
0,7.244870444328496e-06,0
0,5.35858870244468e-10,0
1,4.780489485046924e-10,0
1,1.6723442880547918e-05,0
0,0.680829497501558,1
0,0.021079528554223514,0
0,1.0639875337507973e-07,0
0,4.1709772050423374e-11,0
1,1.8662839759509574e-06,0
0,1.8958602199506812e-10,0
1,2.2210822299536436e-08,0
0,0.0006525611377015781,0
0,0.0979997503565502,0
0,0.0013231896682831428,0
0,1.1145125316956916e-06,0
1,1.9045547618614237e-06,0
1,1.1156006330740311e-07,0
0,2.8627695279960748e-06,0
0,9.279969263307088e-10,0
1,1.754601468693779e-12,0
0,0.0009515194839553562,0
0,6.12481737429213e-05,0
0,0.9102466201402718,1
0,9.813182797178172e-16,0
1,8.079335666810284e-10,0
0,0.9868813787319661,1
1,1.5355032350868713e-13,0
1,8.161690387006483e-08,0
0,0.01438457716518393,0
0,1.5889834189727758e-09,0
0,3.7290398711809873e-10,0
0,5.02744468851499e-09,0
0,0.07252276056873404,0
0,5.485927107671219e-07,0
0,0.0014650236147286148,0
0,1.357657746707163e-05,0
1,6.063318809713143e-12,0
0,1.6280018795937488e-08,0
0,8.287597554011107e-16,0
1,7.160333719847884e-06,0
0,0.00014392748743603342,0
1,0.010732371264256137,0
0,2.3426439965441776e-07,0
0,2.7529310093793495e-09,0
1,0.049342569533418375,0
0,2.9903063590364e-10,0
0,0.33328845448878913,0
0,1.283002675404468e-09,0
1,0.08288593613502325,0
0,0.9961593365531356,1
1,4.560484096866862e-09,0
0,0.004384240140229414,0
0,1.4041120423917021e-12,0
0,6.279556321055025e-08,0
1,5.023755991177944e-06,0
0,4.6378479646761615e-07,0
0,1.0132750865393623e-13,0
0,1.1474306353390407e-09,0
1,0.01530299264737711,0
1,0.00014548480963599492,0
0,0.0020405700273807134,0
0,1.514569719262149e-05,0
0,0.12585884912801334,0
0,0.0013464807208628925,0
0,9.446909822458704e-05,0
1,1.6155914463961212e-06,0
1,6.311780015362788e-06,0
0,0.010807794309161742,0
0,2.544175771682411e-15,0
0,0.0008792438153428373,0
0,2.0543291491270897e-13,0
1,2.6613421787633487e-13,0
0,1.2811669850046584e-07,0
1,3.5043649835246053e-07,0
1,6.741622418547996e-06,0
1,4.800700084536634e-09,0
0,0.031127884506514814,0
0,0.6284413377566919,1
0,1.7563266676011471e-10,0
0,8.941359872577459e-07,0
0,8.407277829043189e-08,0
0,0.021186386249347062,0
0,1.4712081390604794e-10,0
1,2.155119847503085e-09,0
0,0.08940354421877608,0
0,1.8514173644815004e-05,0
1,0.000228599417181745,0
1,8.429894793368839e-15,0
0,3.2666709091450435e-05,0
0,5.772176404538291e-10,0
0,0.5626365486241134,1
0,0.012487402561048709,0
1,0.00048568205547719616,0
0,0.007594265676337588,0
0,1.0620258357741877e-10,0
0,8.405003205576972e-05,0
1,0.005697153645198925,0
1,2.553313894005245e-07,0
0,4.644744925117203e-06,0
0,0.020269090968005454,0
0,0.029650570239527378,0
0,0.0011998228699792177,0
0,0.000752427782339522,0
0,0.003065135158783608,0
1,0.0007411568468688898,0
0,4.3801976187325515e-08,0
1,0.021162632420358762,0
0,0.9114336824703008,1
0,2.0227143379594254e-05,0
1,0.002992911440377926,0
0,0.2512538811917949,0
0,0.10675012978562569,0
0,5.3955847970409805e-12,0
0,6.701021924033398e-10,0
0,0.0007951626891353028,0
0,6.667404351163126e-14,0
0,0.0003175608060158948,0
0,4.6965562399892315e-07,0
1,0.0006370274890722594,0
1,3.5568162985130174e-06,0
1,2.1366597853694016e-09,0
0,4.656686955468201e-06,0
0,0.2557138935181444,0
0,0.0042566256446092115,0
0,2.8750727241496062e-05,0
1,2.302613696874427e-15,0
0,0.0003135366057356804,0
0,0.25762725005592796,0
0,0.7801523326920429,1
0,4.748332046715787e-07,0
0,0.009521533311268957,0
0,0.0005385200430546785,0
0,6.5918172806386325e-06,0
1,7.728200492044093e-07,0
0,2.4847966675722853e-06,0
0,1.6905911275071277e-07,0
0,2.811900379555451e-17,0
1,5.390362039194757e-07,0
0,0.006354807911066688,0
0,4.628638924010204e-06,0
1,1.1615744415946763e-14,0
0,2.3602942103502962e-07,0
0,5.02150240191849e-14,0
1,2.1460029481780778e-12,0
1,3.5694110834460435e-06,0
1,5.538252344901735e-06,0
0,0.002285897125655918,0
0,3.676206936138241e-05,0
0,2.845777684250851e-13,0
1,1.3646585861689201e-06,0
0,3.1714613740796907e-10,0
0,0.06188639044815134,0
0,0.9082377582766515,1
0,4.379114853613411e-12,0
0,2.3839159724841385e-05,0
1,0.0031553028387537084,0
0,0.010302333675082972,0
1,0.00044859842206580156,0
0,0.14592877410899782,0
1,1.3543824631483547e-10,0
1,2.7094930600758783e-11,0
1,2.8422298656201363e-07,0
0,1.5135759254728112e-07,0
1,6.4738913893728714e-09,0
0,1.6154319710934185e-06,0
1,9.82599439553146e-05,0
1,1.6997517977849158e-09,0
0,0.006964406046286774,0
0,0.004147416482878281,0
0,2.7909007988251745e-17,0
1,0.000563705979556136,0
0,0.000485788586837334,0
1,2.3179338466956737e-06,0
0,5.63306682667666e-08,0
0,2.886855881627383e-11,0
0,0.00013897125457409756,0
0,0.5386693420159557,1
0,0.0001388019916102401,0
0,0.4191343941520879,0
1,0.0005633415161209712,0
0,1.8818089559117117e-08,0
1,8.727445327694894e-05,0
1,2.681394173381026e-08,0
0,6.189380288484217e-10,0
1,3.0558664219951556e-06,0
0,0.0055416679521518904,0
0,6.393893700623711e-08,0
0,9.03382365081352e-08,0
0,1.6446323264611985e-11,0
0,2.9306116318394455e-06,0
0,9.988423134708424e-10,0
0,0.07577112324555187,0
0,9.042924779289187e-11,0
0,0.0001739357500305633,0
0,0.006456148089876425,0
0,0.0010201759454867229,0
0,1.0798950704204679e-08,0
0,0.16180777477748925,0
0,2.960780229382458e-07,0
0,0.7173606241404966,1
0,7.575172566853524e-10,0
0,0.014442580388696896,0
0,8.526225313074416e-07,0
1,0.00028422576941964284,0
0,5.107397986684652e-08,0
0,0.0006879639236517255,0
0,2.2796376471196807e-08,0
0,6.618772741388292e-06,0
0,3.413943943487024e-08,0
0,0.016513777170890538,0
0,5.402653847092117e-06,0
1,0.06880533042948755,0
0,0.060613814817224956,0
0,2.691026308770597e-09,0
0,2.006161442217071e-08,0
1,0.001106637136297081,0
0,6.5574201397185275e-06,0
1,0.00047422725278276615,0
1,1.6792657117687797e-10,0
1,0.00012680309489004622,0
0,1.2483738168819576e-08,0
0,0.3619493179984824,0
1,5.398972536677755e-05,0
0,2.1713094059991718e-08,0
1,1.0773417951926358e-15,0
1,0.10197216630459738,0
0,4.3717110236549643e-07,0
0,8.382114513754063e-09,0
1,5.3765568029671254e-08,0
0,1.3854579459054172e-05,0
0,8.836635858061062e-17,0
1,0.0012439511207710044,0
0,1.743406877792375e-05,0
1,0.030534895592806335,0
1,5.761629418905811e-10,0
1,1.4680624263591512e-09,0
1,6.203548211222213e-07,0
1,1.1029256040536324e-06,0
0,7.642369743164633e-06,0
0,0.0013418400720970705,0
0,0.00022507835281635046,0
0,0.0028311345930897873,0
1,2.0187414527042107e-13,0
0,0.0021170541279747434,0
1,0.0016581464278818524,0
0,0.08556019009370308,0
0,0.007470007348687287,0
1,0.01970974966366265,0
0,1.843686300380193e-07,0
0,0.2581214339564705,0
0,6.332702743263408e-05,0
0,0.00038823295839800155,0
1,0.0006217745935307766,0
0,0.0002473106043522275,0
1,1.856548232018064e-05,0
0,2.180407684959983e-05,0
0,1.1612232514701744e-08,0
1,7.392928944344168e-09,0
0,5.393637329379605e-08,0
1,0.047226581099265516,0
0,9.021129471497038e-10,0
1,0.0005044888400922698,0
1,0.715363819957047,1
0,1.5450881489266016e-05,0
0,0.10912395032844448,0
0,0.013678093615233252,0
0,1.610509204581067e-09,0
0,1.6806733192368024e-10,0
0,0.36647180257898726,0
0,1.3597472265668593e-07,0
0,5.5197063730098965e-11,0
0,0.9376614609837894,1
0,0.00020167260413055403,0
0,0.06201888098116407,0
1,8.82666481900261e-10,0
0,0.002569215388019516,0
1,4.963198323422698e-10,0
0,2.9335471216499963e-08,0
1,0.5368458387411645,1
0,0.0005753446180913849,0
0,3.1593414372350647e-07,0
0,3.186356687976642e-05,0
0,0.038346169591613334,0
1,0.014821318662559212,0
1,2.7708141177862405e-09,0
0,1.445750980425049e-10,0
0,4.459211988512542e-14,0
0,5.639446656216581e-11,0
0,0.04983881836761754,0
1,2.5374774550703194e-07,0
1,3.1217059712547003e-10,0
1,7.37957872553676e-05,0
0,7.626252860061411e-05,0
0,0.001375984973416058,0
0,1.526133714708696e-08,0
0,6.458321809608804e-07,0
1,8.299509375059364e-06,0
0,0.049938620155834994,0
0,0.00029979345004692987,0
1,8.415812882670879e-06,0
0,0.1432091385772011,0
0,6.724733659805324e-09,0
0,7.300638335278207e-08,0
0,2.83875719610796e-08,0
0,4.3891963254895004e-09,0
1,8.6314136499087e-11,0
0,4.945406585393142e-08,0
0,9.353651361976017e-05,0
0,0.00940192359742978,0
0,0.15706479336721163,0
0,5.556161851862266e-07,0
1,2.9030525334022484e-05,0
1,1.000702333927661e-08,0
0,5.124779350813074e-06,0
0,0.003075509924284042,0
0,2.652349148064526e-06,0
0,1.8380415128092722e-05,0
0,6.678802319684174e-07,0
0,5.594854110190948e-09,0
0,1.0949964050917732e-07,0
0,4.010028962576108e-06,0
0,0.03041626661567903,0
0,2.3334055747493352e-07,0
1,6.58311376522656e-05,0
0,0.0004702876918956811,0
0,0.00273676124432492,0
1,4.540563633723103e-09,0
0,4.407356092244111e-06,0
1,0.03695858884506701,0
0,0.9708155112777647,1
0,0.014717818113779275,0
1,9.615633117694285e-09,0
0,3.10577980018567e-05,0
0,0.0025802706574334622,0
0,6.88132231640897e-06,0
0,6.98134972855546e-06,0
1,2.1925525354233458e-10,0
0,2.08169534321852e-05,0
0,0.004289799269408998,0
0,0.0002462005526630017,0
1,2.8198094967687036e-09,0
1,7.128502523588142e-10,0
0,0.017251284182041814,0
0,0.98214601354323,1
0,1.1042243082386422e-06,0
0,1.4936292995082526e-09,0
0,5.945239113553404e-07,0
0,1.0692851668802092e-09,0
0,0.002104824775493483,0
0,0.0896614914426625,0
1,0.007846720525991589,0
1,5.8737683998060504e-08,0
0,0.0005472901298373204,0
0,0.0001872160188651799,0
0,3.6184922543494776e-10,0
0,4.108558501584561e-07,0
0,9.773381907227158e-10,0
0,0.00021481429211811805,0
0,5.495924854171747e-09,0
0,3.1689032086332618e-06,0
1,4.840110164845275e-10,0
0,0.007172856181552864,0
0,8.898871369536737e-10,0
0,2.6188339741100426e-07,0
0,0.0008642887030087344,0
0,1.1716743651562762e-10,0
0,1.9291624236365582e-06,0
1,0.006218044526200079,0
1,0.00014955309748143858,0
0,5.4809359824842936e-15,0
0,8.346735517138504e-07,0
0,0.0013225520743965129,0
1,8.424096756095511e-05,0
1,0.06074433458903152,0
0,2.762486529289959e-12,0
0,0.0019275867798582784,0
0,3.315130448095294e-11,0
0,0.6700796198777528,1
0,1.00405525994655e-09,0
0,3.7379738091100537e-07,0
0,0.004339867860324736,0
0,9.117494314865935e-11,0
0,7.411307128345174e-05,0
0,1.407838605941735e-08,0
1,9.328037223692082e-11,0
1,1.2259512795045816e-07,0
0,0.0172552790302995,0
0,1.7734081767117877e-07,0
1,2.3366080791616818e-07,0
0,1.4411990770201262e-08,0
1,0.008922429122878323,0
0,1.8809495996143973e-05,0
1,0.00010966541733556037,0
0,0.05584155853830669,0
1,3.7517171440227486e-05,0
1,2.1248653729187483e-07,0
0,0.0188540035305017,0
0,0.7505568668313553,1
0,1.4837896213138105e-06,0
0,0.06438243104135216,0
1,1.3576584363309408e-06,0
0,9.988815502468658e-08,0
0,0.0015742277550036638,0
1,4.704289173703259e-10,0
0,0.0011457783020009775,0
0,0.0076424955403577586,0
0,2.147764464249879e-06,0
1,9.881462278079986e-06,0
0,1.332578342838665e-08,0
0,1.5031375282830716e-05,0
0,0.1676449440733614,0
0,4.17948340418725e-05,0
0,0.0004526056994097618,0
1,6.389091236146614e-10,0
0,0.03343662528182068,0
0,0.13325969077473546,0
1,3.4461084189371075e-06,0
1,3.1299722245332218e-06,0
1,0.009609990283861702,0
0,9.032572580354393e-07,0
0,2.160521280699265e-06,0
1,6.0954044488450375e-06,0
0,1.0051871295884798e-08,0
0,0.00759830360234805,0
1,7.657099002776267e-10,0
0,1.2064862742178965e-08,0
1,3.7308435313606937e-06,0
1,1.99486123505373e-08,0
0,0.00028220416733648764,0
0,3.2508175985995146e-05,0
1,2.455640340560719e-08,0
0,0.00016054288048997938,0
1,0.029036397563674807,0
1,1.176493455619602e-07,0
0,0.0005783390626809053,0
0,1.284540102426028e-09,0
0,6.695015679317001e-10,0
1,1.730426366339913e-05,0
0,0.004280665703028382,0
0,0.5000989237322696,1
1,1.1266171863039899e-07,0
0,2.944600033365563e-10,0
0,1.9550071198121306e-09,0
0,0.059737284985123894,0
0,2.5965992584474574e-08,0
0,3.08287916818378e-07,0
1,0.00038341269684869037,0
0,5.1274278416020636e-05,0
0,4.21928490542932e-10,0
1,4.766235728558083e-09,0
0,2.508294950327226e-14,0
0,0.2591409564283499,0
0,0.03333257074267333,0
0,0.00015831179285797668,0
0,0.0026618573398669567,0
0,0.033768640347890184,0
0,9.56891903469895e-13,0
0,0.00041028185437661457,0
0,8.200320230789878e-06,0
0,6.782532570505304e-09,0
0,2.0593801710089696e-10,0
0,3.244784942350879e-11,0
1,0.0003682881937361651,0
0,0.006563724501893598,0
0,0.05274902101467587,0
0,5.693629120768095e-07,0
1,1.0351652971358969e-12,0
0,1.2504009113653358e-05,0
0,0.01011025053320513,0
0,0.002631494159546281,0
0,3.61813884446913e-05,0
0,1.1271440669725873e-05,0
1,3.946604563781136e-05,0
0,1.4093178286384916e-08,0
1,0.004620481995919108,0
0,0.030275064935531455,0
1,1.8527694261100024e-08,0
1,6.207422001814883e-05,0
0,2.6465673762753506e-07,0
0,0.010728675680388928,0
0,1.0978873873847111e-11,0
1,5.2573048462104175e-09,0
0,0.7409653534083003,1
0,0.0006136099237403126,0
1,3.885508468664539e-09,0
1,1.791736850035573e-07,0
0,0.9182757487237643,1
0,0.4477571222816752,0
1,3.279659519043508e-07,0
1,5.623360927525993e-07,0
1,8.27762452940669e-08,0
0,2.8454226176827135e-07,0
1,3.2616568633736243e-10,0
1,1.3700631184617328e-06,0
0,1.7590741608797343e-11,0
0,3.253966617792848e-07,0
0,0.12509141339004307,0
0,4.236620392822306e-07,0
1,1.4523063220564023e-12,0
0,0.001482191090687444,0
0,0.022245487786166057,0
0,1.5321844080839914e-07,0
0,0.19387002376419432,0
0,1.2568427704670927e-09,0
0,3.5624778821820653e-06,0
0,1.372969491804935e-09,0
0,0.0005548471215450056,0
0,1.109971594477542e-06,0
0,0.08510652308463089,0
0,0.03190918623185184,0
1,3.333190038594397e-05,0
0,0.047962940367332486,0
0,0.18481369249494747,0
0,9.183274338023592e-08,0
0,0.00019462664990130816,0
0,0.002520118634984723,0
1,2.1267893838897895e-08,0
0,2.463157517969306e-05,0
0,3.938670090741668e-06,0
0,1.5895281959411724e-05,0
0,0.020557474814266116,0
0,7.156437207917626e-07,0
0,8.736791153400532e-08,0
0,0.041603425876139404,0
0,0.0010110649647847184,0
1,0.000220995398432012,0
1,1.382271374991315e-05,0
0,0.0008187286123742205,0
1,0.0004848994071453019,0
0,0.17999025539198688,0
0,1.0680447646267608e-05,0
1,0.06472972170726138,0
1,2.2480585274906493e-08,0
0,0.003538482944254074,0
0,8.275035801398956e-11,0
1,7.019109160422879e-07,0
0,0.11350330232110128,0
0,4.2684407104115176e-06,0
0,1.1905818588935404e-14,0
1,3.488642374266433e-08,0
0,0.057993186270500964,0
0,0.012247773835530733,0
0,3.2751264198340524e-05,0
0,0.0054047287652791084,0
0,0.0002548472384974286,0
0,7.82832473412356e-06,0
0,4.185297867657097e-10,0
1,7.770102605116746e-08,0
0,0.8739635718886233,1
0,8.903497882832685e-05,0
0,0.00038010046168901495,0
0,0.5374504419836268,1
0,5.144150668394409e-07,0
0,2.3191587546395627e-06,0
1,0.027055935499693765,0
1,5.05638359409746e-10,0
0,0.00572996810403802,0
0,0.005766685191124474,0
0,0.02226957008115591,0
0,3.712195456702689e-13,0
0,0.006976924656086888,0
0,0.19598577790911342,0
1,4.736701548516188e-05,0
0,2.870592744013086e-10,0
0,1.4996937272629583e-10,0
1,2.1029493247676683e-10,0
0,0.22670471152733526,0
0,0.00016625494694284798,0
1,0.00426723288077303,0
0,2.104626170113415e-07,0
0,7.719698178724079e-07,0
1,0.002395742139275059,0
0,6.215930524527618e-09,0
0,1.2495578908690067e-05,0
0,1.2228212088877527e-12,0
0,0.30537185469250994,0
1,4.438149104161152e-06,0
0,0.0001129455320759302,0
0,1.4180521962813844e-06,0
0,1.1373977058942199e-10,0
0,0.06991261656408264,0
0,1.4996030787678332e-06,0
0,2.8220356904146336e-10,0
0,3.8403657013926167e-10,0
0,5.225168816302599e-07,0
0,3.5144046493798763e-11,0
0,0.47228470319925153,0
1,4.6066909794309e-15,0
1,0.006452300900524272,0
0,1.512532075715418e-10,0
0,1.619571962709615e-05,0
0,0.00020981156840734885,0
0,3.3440630036992943e-06,0
1,3.5355025274410782e-06,0
0,2.767397526245615e-05,0
0,8.230472031938913e-07,0
0,0.9902504676717433,1
0,0.00046680704941322917,0
0,8.88881002369251e-12,0
0,0.004361994531271597,0
1,6.857392497053316e-05,0
1,6.1178787246539e-07,0
1,8.864715397716839e-07,0
0,5.107019437640569e-13,0
0,0.32450449809344833,0
0,0.043446479668964394,0
0,0.003665231225491348,0
0,6.314938328606371e-07,0
0,0.004445017149229294,0
0,9.546974583913067e-05,0
0,2.041610157380605e-10,0
0,0.0019567033139065654,0
1,1.766800444094376e-07,0
1,0.0003382147094299987,0
1,0.00022030069907089098,0
0,5.742381863192313e-09,0
0,0.097600228852461,0
0,0.10190756913617326,0
1,0.00010542597891408806,0
0,2.1266818526284304e-11,0
1,5.19174562431592e-05,0
0,1.3660154262450918e-11,0
0,2.816053835157038e-09,0
0,6.125635154062715e-05,0
0,0.0005499395812561556,0
0,8.153160509830927e-05,0
1,1.9682747543190528e-10,0
0,0.011599465073373363,0
0,0.2720970556877307,0
1,0.0020542499525051713,0
0,5.103231354423063e-06,0
0,0.00023169639463512605,0
0,0.04687029652347509,0
0,2.627118524559752e-05,0
0,2.5272756095173217e-08,0
1,0.004012150801202219,0
0,0.00014134553283308855,0
1,3.32245119736406e-10,0
0,0.7068710395324352,1
0,0.8979004784531077,1
0,0.00572268342389462,0
0,0.9428021497429959,1
0,6.119401240835014e-08,0
0,0.26091514892126333,0
0,0.03717972934479154,0
0,0.04872407764646246,0
1,1.387127860037617e-06,0
1,0.026558094806240974,0
0,0.04076360698883725,0
0,0.00978903015830198,0
0,5.113599756219848e-07,0
1,1.7893183034035836e-09,0
0,4.313905565468646e-11,0
1,0.006851670471635345,0
0,6.43534014007869e-08,0
1,3.929737424346979e-07,0
0,0.0037474831171351044,0
0,3.863716613994546e-05,0
0,0.00010126666359530585,0
0,0.0003308324095011112,0
1,8.83611095886122e-09,0
0,1.0839556142264843e-13,0
1,4.485743912771952e-10,0
0,1.0836272624966025e-13,0
1,2.1371131395341955e-06,0
1,3.806614532807652e-12,0
0,7.106123508692682e-09,0
0,0.010294103496159826,0
1,2.5422008385091437e-05,0
0,0.00029361363871023257,0
1,2.3162830380812774e-12,0
0,2.755514516280606e-08,0
0,0.00024644806392994426,0
0,0.11791974349586193,0
0,0.0051440263370608206,0
0,4.0597896742996905e-11,0
0,0.15283232929744936,0
0,1.9499033642591273e-07,0
1,7.044886961297732e-07,0
1,2.9594911443501535e-05,0
1,9.517965739797144e-14,0
0,0.047445471128267476,0
0,1.9341123419437544e-08,0
1,0.00020062709196608423,0
1,0.011891004764943716,0
0,4.232682727767769e-07,0
1,4.817330868313678e-08,0
0,9.317100026958079e-05,0
1,3.226413373406126e-08,0
0,3.0228056956918744e-05,0
0,0.932508978588803,1
0,0.0005082763126815018,0
0,0.0005269703191335951,0
0,6.7698035589419425e-06,0
0,0.0005893064417252002,0
0,0.9454918927241515,1
0,1.7881743024480015e-06,0
0,3.1832583211320546e-10,0
0,2.9763354888532207e-12,0
0,4.6826764985102176e-05,0
0,0.0004414077332733345,0
1,6.092034596362837e-07,0
0,0.00015151037981578884,0
1,1.8969091829308941e-06,0
1,4.471035326184662e-05,0
0,1.276235103478597e-09,0
0,6.632531028033043e-05,0
0,0.0004932095607776369,0
0,0.20665186842904068,0
1,2.8450904691103275e-09,0
0,1.245218133586335e-05,0
0,0.00010308246955115614,0
1,3.2532496716083254e-09,0
0,2.0545645936575513e-08,0
0,0.00011860826579027609,0
0,2.4950210507404886e-09,0
0,0.009369137335133424,0
1,0.019828118497960748,0
0,0.09534395224180904,0
0,3.430950688606293e-13,0
0,2.103885177674475e-09,0
1,3.3931788064388104e-09,0
0,0.001035318184317079,0
0,3.0974394955219387e-08,0
1,0.0010581002565292561,0
0,3.0362869280442237e-06,0
0,0.0028907153191060973,0
0,1.9353782624522033e-08,0
1,1.5954053582653026e-09,0
0,3.599211296928606e-15,0
0,3.971777105821131e-09,0
0,8.382011939563195e-06,0
1,2.8323912234733695e-09,0
0,6.474872851942752e-06,0
1,0.0005791274012617862,0
0,4.909948860224299e-06,0
0,5.5003057081533745e-08,0
0,2.2428767742273312e-07,0
0,0.009810303313133067,0
0,1.0919684307814763e-06,0
1,1.6816597171467794e-06,0
1,1.8839771986936045e-07,0
0,2.067597806968174e-09,0
0,0.1540403577331531,0
0,3.183538860312701e-07,0
0,9.982941300672305e-08,0
1,1.0213242806956754e-06,0
0,0.0007055375370335688,0
0,8.626509321674466e-10,0
1,2.497707654305992e-05,0
0,0.00011160810101419406,0
0,9.586877241421688e-05,0
1,2.981751618513097e-09,0
1,8.586964632806786e-07,0
0,0.0020253101222804347,0
0,0.1313105590048306,0
0,0.15833920930276296,0
0,5.86593169098139e-09,0
1,7.07845954086721e-07,0
0,0.09323871528856433,0
0,1.9336506974415168e-06,0
0,1.0267086455367071e-05,0
0,6.100215456936244e-08,0
0,0.00787552421849113,0
0,3.0448243777551938e-15,0
0,0.02401676813898029,0
0,4.4085521556401305e-06,0
0,0.8184455573204157,1
0,0.312938342365938,0
0,8.524561258694573e-07,0
0,0.12042425051146405,0
0,9.45503981159753e-05,0
1,0.0002938526702100081,0
0,0.0038167978631849665,0
1,9.16044100073949e-06,0
1,0.0036095227723365914,0
0,0.3684593011727885,0
0,6.791411134000008e-08,0
0,0.005665557114701175,0
0,1.9218620854214718e-07,0
0,4.1641871595957326e-07,0
1,1.5939341459508503e-05,0
0,0.032014750749944275,0
0,2.7381964625639533e-09,0
0,1.951330417417206e-05,0
1,1.0396464357626436e-10,0
0,1.227512183840036e-06,0
0,1.2774381921263562e-07,0
0,0.00020591421117790553,0
0,2.39989123700176e-05,0
0,8.466710457356167e-11,0
0,0.004750240172155014,0
0,0.8127831025560874,1
1,2.827259324365074e-07,0
0,1.8215512451908587e-09,0
0,5.745134645318396e-06,0
0,0.06989024612160562,0
0,5.3847847932644815e-05,0
1,1.6991717479012064e-07,0
1,0.023890184599740766,0
0,1.5327754962152646e-05,0
0,0.00013667765711771143,0
0,0.9296000153749142,1
0,0.003573101308584162,0
1,7.456367512222258e-13,0
0,1.647462494486733e-08,0
1,4.814447542744911e-07,0
0,0.9859284452933348,1
1,2.8680655386833657e-05,0
1,3.9114864730878284e-05,0
1,7.781439252114775e-14,0
1,0.0002513743499512247,0
0,1.0893648562182996e-07,0
0,8.694477948936245e-10,0
0,0.25007823137254576,0
0,0.6321725073137124,1
0,2.3041676986536462e-07,0
0,3.240383725469151e-09,0
1,0.02427139067817848,0
0,2.721780725299167e-09,0
0,0.00023786945609714124,0
0,3.972915040974663e-05,0
0,3.151974930492801e-08,0
1,7.623525291100068e-12,0
0,3.545595663224433e-07,0
0,2.1045163993105636e-06,0
0,1.0131260644694194e-05,0
0,3.6454769950162274e-07,0
1,8.035389133014648e-06,0
0,0.0013769548112078532,0
0,2.680188561005052e-09,0
0,1.2611627971816748e-08,0
1,0.00017554292673065995,0
0,4.618040661643383e-09,0
0,0.0006204020774013395,0
1,1.9363852744994177e-08,0
1,0.0015803929015284874,0
0,1.1929846575981386e-08,0
0,7.856997385203345e-06,0
0,0.22315694951988882,0
0,1.4519362948598349e-10,0
1,1.0347890128960968e-12,0
0,0.00022074976244335423,0
0,8.230522942747026e-08,0
1,2.335312402136305e-10,0
0,0.00022970698232200213,0
0,7.903441927471555e-06,0
0,4.29896340464378e-05,0
1,0.03677007018791428,0
0,0.00544121433872201,0
0,2.0446579089351926e-10,0
0,0.05505042789294942,0
0,5.3506900627488e-07,0
0,0.022988884010002476,0
1,9.86695491970815e-09,0
1,0.00029919927994301483,0
0,4.3160055537454386e-07,0
0,0.7028546054822611,1
0,1.4934795818707253e-10,0
0,1.0991694496177629e-07,0
0,3.321008716073927e-08,0
1,0.00040612370531583497,0
1,0.0030963106093688936,0
1,1.526886501921899e-06,0
0,0.0009008922989129434,0
0,4.242344124783652e-10,0
1,2.2984275953916194e-08,0
1,1.336363216967826e-08,0
1,2.1837726360650197e-05,0
1,1.9565523147661945e-12,0
1,2.259714880688839e-09,0
1,1.2257568876188153e-09,0
0,0.00013404011395950124,0
0,9.023664831792932e-05,0
0,0.715456601001319,1
0,0.03566914458940373,0
0,7.112344031214291e-06,0
0,1.2437118743967212e-12,0
0,1.9996121610880342e-05,0
0,0.007423842958856432,0
0,0.0313453937426593,0
1,7.426806394516681e-07,0
1,4.4104562779158015e-07,0
1,0.0005564925902950472,0
0,2.510907880084634e-10,0
0,4.221114396349278e-06,0
0,4.2382298176638095e-10,0
1,4.771984734047224e-07,0
0,0.14117172611329343,0
0,0.00030969219411957786,0
1,1.6192285376318424e-09,0
0,2.5429816224694075e-08,0
0,6.235103072749563e-14,0
0,0.01371637110250764,0
1,1.8455939429539807e-10,0
0,1.6778884273113267e-05,0
0,0.00019883340805947308,0
0,0.0038466028841274073,0
0,0.07311890859187244,0
1,8.838106649272598e-09,0
1,0.01796464259255574,0
1,0.0026523510269126265,0
0,1.5535014468716585e-07,0
0,9.253001205917913e-12,0
1,1.9800026336184142e-05,0
0,2.0279891080733527e-12,0
0,0.014499093739818551,0
0,0.0004990967463918203,0
1,4.398225065249076e-06,0
0,0.00748619648867057,0
0,7.513472087315258e-06,0
0,5.242964304365124e-06,0
0,2.250930219629175e-06,0
1,0.0005214993843247334,0
0,6.766913589835355e-10,0
0,4.542917329814601e-08,0
1,3.6888216113971967e-10,0
0,5.250725631147187e-05,0
0,0.06875117472237074,0
0,0.014408641823793172,0
0,8.212944436207114e-08,0
0,0.10657057184509992,0
1,2.444420367722425e-07,0
1,0.0007638871127233477,0
0,0.009614538169611057,0
1,0.5030402183412248,1
1,1.265261212941817e-05,0
0,1.1780492680416069e-08,0
0,2.8246538167999184e-09,0
0,6.522903859231981e-13,0
0,0.07009480754438747,0
0,0.06361880848490058,0
0,0.07892679407139502,0
0,0.030306243726002352,0
0,0.0015912102313777967,0
0,2.1075034036195432e-07,0
0,1.998321151317085e-05,0
0,2.100334893985703e-07,0
0,2.1384753459370687e-11,0
0,1.3082862897033033e-10,0
0,5.584182146155763e-11,0
1,4.553696070757187e-07,0
0,2.589491944339433e-15,0
1,1.416848423676782e-07,0
1,7.335198432325045e-07,0
0,0.01692303953828989,0
0,1.0239691898585553e-07,0
0,0.7634427017483676,1
1,0.0021314472501124423,0
1,0.00027390450294048814,0
0,0.00025642942463539235,0
0,0.0021921418327612097,0
0,7.210111104277667e-11,0
1,0.08036142380861415,0
0,1.8021674308454093e-07,0
0,0.06652714000431188,0
0,1.08959571593169e-05,0
0,0.732030693663735,1
0,1.0423838864164068e-11,0
1,4.3378396929443087e-13,0
0,9.682534044729344e-07,0
1,6.610161482862911e-06,0
0,0.003493505096165037,0
0,1.7132523358162092e-13,0
0,0.02162980268991582,0
1,8.987784676166199e-11,0
1,7.805642470629768e-05,0
0,8.052840037800658e-06,0
0,0.00047662433480996316,0
0,0.0390581685834378,0
0,7.1567936478518e-07,0
0,7.611675745893346e-10,0
0,9.470498545081643e-05,0
0,2.711423004758311e-05,0
0,0.0018044392639911652,0
0,6.848713714244579e-16,0
0,0.026102957011680167,0
1,0.0012695959712873462,0
1,1.2045734380470938e-06,0
0,4.242460423409543e-09,0
0,0.39610765739261533,0
1,3.304286587136322e-06,0
0,3.2372128168208126e-06,0
0,1.1426315268098959e-09,0
0,1.8794918393886453e-06,0
0,1.6886170438226947e-10,0
0,5.18567069449314e-10,0
0,1.1593611642038014e-06,0
0,0.0032264999106541457,0
1,0.006407783794385751,0
0,8.121103723221187e-05,0
0,1.5630203251537424e-12,0
0,0.6680968959178046,1
0,1.140934106315758e-13,0
0,0.007801012359321132,0
0,9.855834475941903e-05,0
1,0.00019419152869758148,0
0,1.0762412414187327e-05,0
0,1.5975098204204536e-05,0
0,1.2787993019632202e-08,0
0,0.0037000519606092594,0
0,0.8776779091919645,1
1,2.2571041894083128e-10,0
0,6.035749614082047e-05,0
0,8.166528577170565e-10,0
0,5.220293902258843e-06,0
0,1.375889340520937e-13,0
0,7.653838667936937e-10,0
0,4.698652522050918e-05,0
0,1.534794539921668e-08,0
0,0.0017449370342910117,0
0,5.140998740149081e-14,0
1,1.320913953649006e-07,0
0,1.8240134765933636e-11,0
1,1.1089348115984082e-08,0
0,1.3488695241805265e-05,0
1,5.946694229865291e-07,0
0,0.052846106974925415,0
0,4.303306061021969e-06,0
0,0.48477677523700125,0
0,2.4702151429041716e-09,0
0,0.00019115722943364977,0
0,0.002617588811003824,0
0,9.574842664290852e-09,0
0,0.002761653820657617,0
0,0.0007033172369093646,0
0,0.016317755560164814,0
0,0.959862769017257,1
1,7.067143494764063e-11,0
1,6.604232612214412e-06,0
0,0.0029981033340240005,0
0,5.881637672016562e-12,0
1,0.0034982224661362846,0
1,0.01339550230127602,0
0,0.0731813945247436,0
1,0.00034341048553741436,0
0,2.0687665294480776e-10,0
0,2.2585698817216e-08,0
1,9.749069618971777e-06,0
0,0.34296689309098205,0
0,3.470365772217466e-11,0
0,4.177582227501625e-08,0
0,1.757126118055495e-05,0
0,3.1880945965797427e-07,0
0,0.8962311167144322,1
0,0.0008953508909177759,0
0,0.006823561400776478,0
0,2.640668355653534e-10,0
0,1.0242530793014435e-08,0
0,0.0002345167543291289,0
1,9.639548126623427e-09,0
0,0.2835293303413612,0
1,3.1430542883234123e-11,0
1,5.166199795737437e-11,0
0,0.0003331341430641336,0
0,1.477460594321659e-05,0
0,0.10834740212730604,0
0,0.008962980812519653,0
0,2.9260412526405676e-10,0
0,4.581568630539968e-08,0
1,1.3442396524714528e-08,0
0,1.597036089507785e-07,0
0,0.0005646208498625198,0
1,1.5067166616734488e-08,0
0,0.00016230485489449845,0
0,1.9963024063256277e-07,0
1,0.0023735003692758497,0
0,0.0009499080361583531,0
0,4.980972418452708e-07,0
0,1.75554663575775e-06,0
1,1.31193774305679e-05,0
1,3.9412659452078774e-16,0
0,0.00019117673025356081,0
1,2.6500634500147727e-06,0
0,0.00011580655432177008,0
1,0.0005033752998961444,0
0,2.287630925639668e-05,0
0,0.13339340294465113,0
1,8.040349137776935e-08,0
0,2.2955900995618588e-05,0
1,9.244637770595443e-08,0
1,0.0030320711509621164,0
1,1.938627191196572e-05,0
1,4.4139395596884893e-13,0
0,8.457576785419175e-05,0
0,0.0059215141425385505,0
0,4.1995334762372845e-11,0
0,0.01193454684815253,0
0,1.872253610283538e-09,0
1,1.325796855594936e-06,0
1,4.8254831990379175e-05,0
1,0.03012688573373371,0
0,0.0002024692615433595,0
1,0.00020504198878350783,0
1,1.2276386308016996e-08,0
0,9.184049635880488e-06,0
0,2.816769445126701e-06,0
1,5.622742164912677e-06,0
0,0.0650157478182542,0
1,2.4649655809959094e-08,0
0,0.038388511023375725,0
0,0.8586755972996714,1
0,1.0682262159526611e-11,0
0,6.92860098850083e-05,0
0,0.012076503881279491,0
1,3.94481735180175e-09,0
0,0.0001261970490084977,0
1,7.88094502920635e-15,0
0,0.0001756183876433717,0
0,4.2247723527933843e-16,0
0,5.6065676851889265e-11,0
0,2.7311203592197302e-08,0
0,0.6940401650734959,1
1,0.00040602727935854394,0
1,0.0810373221339413,0
0,0.03295315777280778,0
0,1.3364098570897336e-11,0
0,3.151621730143805e-09,0
1,8.245325250111316e-05,0
1,1.2097219210697045e-06,0
0,2.3112611617910995e-10,0
0,4.651318395695167e-07,0
0,0.5742443408752019,1
0,0.1918296344989633,0
0,4.3965074205437294e-07,0
1,6.467999780656272e-12,0
0,0.0012579996636834672,0
0,0.003101988600475605,0
0,0.00010130366595653039,0
0,9.765000524272645e-07,0
0,6.603539115582887e-09,0
0,0.005917512026788211,0
0,1.8370997121521347e-06,0
1,1.5565530963827718e-11,0
0,0.000525142347258766,0
1,6.261393282974213e-06,0
0,1.178042145358875e-09,0
1,4.963288447568083e-05,0
0,0.0001162881614839228,0
0,3.8383221036592214e-11,0
1,0.008517460328900734,0
0,9.081704989274702e-07,0
0,1.9605093942043024e-05,0
1,1.9552675899750215e-06,0
0,0.019380185032550786,0
0,7.379071943505966e-08,0
0,0.47169675110305787,0
1,4.452494279756018e-07,0
1,0.004234387815590672,0
0,0.00010349697737556399,0
0,0.9874714544885831,1
0,1.3184824996406493e-05,0
1,5.169314925250057e-07,0
0,3.6939057119031726e-08,0
1,6.473199502538973e-11,0
1,2.659508666834693e-16,0
0,1.898309019907813e-08,0
0,5.252691990276277e-05,0
0,6.793265359514821e-09,0
0,4.0025899647307404e-08,0
0,2.124682362366518e-08,0
1,9.517501745773577e-05,0
0,7.593689817058991e-07,0
0,5.212256780446639e-05,0
1,1.3067396352574442e-07,0
0,2.0644997736524375e-05,0
0,0.00038405143293000006,0
1,1.88454956171717e-08,0
0,1.1821264508065322e-07,0
0,0.2138825447455389,0
0,8.517130144659076e-15,0
0,2.3307483437910052e-07,0
0,2.2452443369229484e-08,0
1,9.673947964761545e-08,0
0,2.4364755241069113e-06,0
0,1.4510071254249862e-09,0
0,3.956486211657363e-09,0
0,0.4056001668124011,0
0,1.5611984171853917e-05,0
0,1.5482463767403165e-06,0
0,2.022630051325477e-09,0
1,4.8335577855294584e-05,0
1,1.6903654979026658e-10,0
0,0.025292510305782404,0
0,9.030399047442201e-07,0
0,3.770063526159471e-10,0
0,0.00017820815037170536,0
0,5.027724637328704e-06,0
0,6.2407059882141826e-09,0
1,5.3427530439308644e-15,0
1,6.519128614373425e-08,0
1,2.5772478510956985e-07,0
0,7.446153860278793e-09,0
0,0.006362849208391162,0
0,0.02272065563090684,0
1,0.0002646036825065843,0
1,5.305952177605195e-10,0
0,0.009026867252608671,0
0,0.022169323753131808,0
0,0.07209831848055087,0
0,7.772464218981534e-05,0
0,0.03224605413169143,0
0,4.503686646456009e-09,0
0,1.5158387434559546e-07,0
1,9.254258024880732e-09,0
0,1.451768469917728e-09,0
0,3.578090337365872e-12,0
1,8.411896132420336e-05,0
1,4.644092451906186e-05,0
0,0.0031150325641024013,0
0,2.7399787311060838e-05,0
1,0.04481559982662905,0
0,1.3649702637303126e-13,0
0,1.9648257518176764e-08,0
0,0.0006250516995577512,0
1,1.2212894808876547e-08,0
0,9.03985014112116e-07,0
0,1.940772748631296e-08,0
0,6.306185837886764e-13,0
1,1.1337004445121631e-08,0
0,4.7148694760523324e-06,0
1,3.1204098666417723e-07,0
0,2.751400344373441e-05,0
0,2.745938662548601e-12,0
0,0.026247289209010934,0
0,0.553936360703014,1
0,1.6881140766467752e-10,0
0,0.9985454261884852,1
0,0.03382959803220511,0
0,0.08096103298644415,0
0,0.00028241013480448694,0
1,1.4283155628063663e-06,0
1,0.03793945648481188,0
0,0.11238486823781618,0
0,0.03972287802962683,0
1,6.625565233678395e-06,0
0,6.925520704371756e-07,0
0,8.264364218231108e-09,0
0,0.4485714772926746,0
0,0.029333258257743938,0
0,0.05878090638518774,0
0,0.012283897168013853,0
1,7.466207347548964e-10,0
0,0.017300774312596922,0
0,0.006879223816901268,0
0,8.59204872125601e-13,0
0,7.551428038175005e-12,0
1,1.6846752566703683e-06,0
0,4.447203521138505e-06,0
1,2.8282939992827255e-08,0
0,5.6985984786052674e-06,0
0,7.557850832402916e-11,0
1,3.8984461995007794e-13,0
0,8.011780102196192e-15,0
0,1.461552945592504e-08,0
0,4.725180778204617e-16,0
0,0.14650362384775736,0
1,0.02581847617656584,0
1,0.0021684428015999366,0
0,1.8796586243842105e-14,0
0,0.047186425049339946,0
0,0.022424345541280095,0
1,0.001652866467633928,0
0,2.7695339376119114e-05,0
0,4.920893415482778e-10,0
0,0.007705767385874549,0
0,0.09926834199256519,0
0,3.533045067907142e-06,0
0,0.06768983149035723,0
0,2.024677666315113e-10,0
0,2.7212469058332587e-05,0
0,2.87594979823143e-08,0
0,0.0352989956788722,0
0,0.07349160941804744,0
0,0.035257387676329605,0
0,1.2478272653790385e-12,0
1,2.57456179525407e-05,0
1,3.889659750638182e-06,0
0,0.06808560112378252,0
0,8.156526162905586e-05,0
0,7.52671160383948e-08,0
0,0.0003802531190837224,0
0,0.9682373878923398,1
0,1.670808020602166e-10,0
1,7.343550311379486e-06,0
0,0.031908327833384924,0
1,8.058209354328942e-11,0
1,0.0024802307498762565,0
0,3.5030706883617573e-10,0
0,2.3824176976204886e-09,0
0,9.934666511167826e-13,0
0,0.16815865466389876,0
0,8.038421206917137e-09,0
0,0.30135010137103146,0
0,0.00012639927703382678,0
0,6.032396270760501e-14,0
0,0.01309190969709427,0
0,0.0013011489430062061,0
0,6.679498160846096e-09,0
0,5.975256420968026e-07,0
0,0.000916334720352711,0
0,0.0012146388248051615,0
0,7.264235019291414e-10,0
0,3.229106052005178e-06,0
0,2.9010125483044515e-09,0
0,0.0017198296844496371,0
1,0.00022102502314656864,0
0,4.084523499289939e-08,0
0,1.2352387050498358e-06,0
1,1.6179466962476032e-06,0
0,9.888076922695658e-09,0
0,0.014395278272065546,0
0,2.5875602028728324e-09,0
0,5.840838120225971e-08,0
0,4.423645328039276e-09,0
1,9.188631136638541e-12,0
0,3.3606903716545e-10,0
0,0.14261141001933278,0
0,0.11504327146755898,0
1,0.029880191246341253,0
1,2.6508804688662546e-10,0
0,0.0014816001681600952,0
1,7.549802916376453e-08,0
0,5.6361933962541155e-09,0
0,4.625755547574129e-12,0
1,3.6534256582373465e-12,0
0,1.8520266253762363e-07,0
1,2.2989126384319274e-09,0
0,0.13820872648990254,0
1,2.277735253348061e-06,0
0,0.9957135411119091,1
0,0.00013066280101682416,0
0,3.0515627734244316e-10,0
0,0.0003604755916041978,0
0,4.8605528107797266e-05,0
0,0.000215127501852934,0
0,2.0805034993860733e-06,0
0,1.7107450949405748e-11,0
0,0.018092222350293043,0
1,0.0005074556023968985,0
1,0.019830395676085282,0
0,0.023800095506040977,0
0,8.935669557663115e-16,0
1,1.3055005745356103e-06,0
0,7.377572629081403e-05,0
0,0.00025214378950516185,0
0,3.9397080129816514e-10,0
0,2.1088083326288122e-05,0
0,3.837541215367683e-11,0
0,2.666172428310292e-07,0
0,0.000251631379754502,0
0,4.092731339364705e-10,0
1,2.1256760697695147e-05,0
1,8.8337387523903e-16,0
0,0.007816448927510815,0
0,0.07253507303408248,0
0,3.836991932699449e-06,0
0,3.0230784312334504e-08,0
0,0.9449415608536454,1
0,2.003127663471612e-06,0
0,1.2236239739169739e-12,0
1,5.655148116570149e-07,0
0,0.0012078340932358557,0
0,4.624884923225209e-05,0
0,3.177091681916842e-07,0
0,0.0010544365378926503,0
0,5.064535982969083e-06,0
0,3.818003604071347e-08,0
0,0.00012267737021079663,0
1,3.617748498625615e-09,0
0,1.852739024677065e-08,0
0,5.993634046405451e-07,0
1,0.00041350822181899626,0
0,0.00016746809430811453,0
0,4.816794455596459e-05,0
0,5.394099728557298e-06,0
0,8.797896638279582e-05,0
1,9.418301400374236e-11,0
0,7.262190358716481e-07,0
0,0.020426129923637387,0
0,0.040590815106135825,0
0,1.0879473581058633e-09,0
0,0.1000955350974324,0
0,3.2211818112309045e-07,0
1,0.029743670783100695,0
0,2.123394179801547e-05,0
1,7.601527040398086e-09,0
0,5.465183000225937e-08,0
0,0.0061999810663423876,0
0,0.00046468550875271124,0
0,8.62125572703532e-11,0
0,1.661584644235102e-08,0
0,0.03452907951968175,0
0,0.011748438004285162,0
0,0.00013645556645127622,0
0,0.015327256024809707,0
0,0.8104731259172127,1
0,4.185621495685022e-05,0
0,3.377140980319962e-05,0
0,0.03370498093800347,0
1,8.63231167376041e-09,0
0,0.5474557486096567,1
1,0.0005882585349668302,0
0,6.3695532095327584e-12,0
0,2.2482199363812507e-09,0
0,2.319742464243235e-06,0
1,2.0051485807366286e-08,0
0,2.160269860992176e-10,0
1,2.5102086079827296e-10,0
0,3.5395781009618606e-09,0
0,0.0001797559263460407,0
0,1.4513411757240493e-05,0
0,0.06221958343628727,0
0,0.9879981604310986,1
0,3.1924071590465372e-15,0
0,8.312399771607999e-08,0
0,0.004274903647380857,0
1,1.9239404293049687e-11,0
0,4.2615184755769334e-07,0
0,0.001267695050341784,0
0,4.534592483823928e-05,0
1,3.497863398518942e-06,0
0,1.4617778988593966e-10,0
1,2.0144717338518914e-07,0
1,2.534044771102127e-07,0
0,3.772943233434177e-07,0
0,4.809569201383709e-05,0
0,0.00683862367458312,0
0,9.4269692224313e-08,0
0,2.7967106414709232e-08,0
1,2.1432078061212993e-07,0
1,0.003980851442527176,0
0,2.4817034912717626e-11,0
0,0.1240760784024585,0
1,1.4609203956987758e-05,0
0,5.0379130481327246e-08,0
0,1.216296389380782e-05,0
0,0.25799565146393816,0
0,0.001208326505328854,0
0,0.1350329747177371,0
0,0.9261635138953811,1
0,0.00016565173988092666,0
0,3.274101050657727e-12,0
1,0.04107779221009388,0
0,0.014922519760062173,0
1,1.79322603302961e-05,0
0,1.0626981086859886e-08,0
0,0.019997583540970452,0
0,3.0282260334780947e-10,0
0,0.3947770550883491,0
0,1.279773899627074e-10,0
0,0.008763695224733881,0
1,0.0003116991115911459,0
1,0.00011568340810216351,0
0,1.4380054292619851e-06,0
0,7.041002561695404e-11,0
0,9.81078009480916e-08,0
0,2.1407810568735334e-08,0
0,2.1393823732659197e-09,0
1,2.593251387698563e-05,0
0,0.00010163347286400302,0
1,0.29535270964412996,0
0,1.6045212179056654e-14,0
0,0.008265803703329166,0
0,5.92439844857336e-11,0
0,4.696566347125069e-06,0
1,5.41424904391941e-09,0
0,0.03931867644436501,0
0,6.365362370295074e-11,0
0,0.0003636364055314174,0
0,9.933093035119474e-05,0
